id,content_id,solution,rubric,autograde_rules
ex_content_1,content_1,Sample solution steps for Mathematics - geometry Level 3,"Accuracy: 5, Steps: 3, Clarity: 2","{""keywords"": [""correct"", ""solution""], ""max_score"": 10}"
ex_content_2,content_2,Sample solution steps for Chemistry - inorganic Level 1,"Accuracy: 5, Steps: 3, Clarity: 2","{""keywords"": [""correct"", ""solution""], ""max_score"": 10}"
ex_content_3,content_3,Sample solution steps for Chemistry - organic Level 3,"Accuracy: 5, Steps: 3, Clarity: 2","{""keywords"": [""correct"", ""solution""], ""max_score"": 10}"
ex_content_4,content_4,Sample solution steps for Physics - thermodynamics Level 3,"Accuracy: 5, Steps: 3, Clarity: 2","{""keywords"": [""correct"", ""solution""], ""max_score"": 10}"
ex_content_5,content_5,Sample solution steps for Aptitude - numerical Level 1,"Accuracy: 5, Steps: 3, Clarity: 2","{""keywords"": [""correct"", ""solution""], ""max_score"": 10}"
ex_content_6,content_6,Sample solution steps for Aptitude - verbal Level 3,"Accuracy: 5, Steps: 3, Clarity: 2","{""keywords"": [""correct"", ""solution""], ""max_score"": 10}"
ex_content_7,content_7,Sample solution steps for Mathematics - probability Level 2,"Accuracy: 5, Steps: 3, Clarity: 2","{""keywords"": [""correct"", ""solution""], ""max_score"": 10}"
ex_content_8,content_8,Sample solution steps for Communication - speaking Level 2,"Accuracy: 5, Steps: 3, Clarity: 2","{""keywords"": [""correct"", ""solution""], ""max_score"": 10}"
ex_content_9,content_9,Sample solution steps for Communication - writing Level 2,"Accuracy: 5, Steps: 3, Clarity: 2","{""keywords"": [""correct"", ""solution""], ""max_score"": 10}"
ex_content_10,content_10,Sample solution steps for Chemistry - organic Level 3,"Accuracy: 5, Steps: 3, Clarity: 2","{""keywords"": [""correct"", ""solution""], ""max_score"": 10}"
ex_content_11,content_11,Sample solution steps for Communication - writing Level 3,"Accuracy: 5, Steps: 3, Clarity: 2","{""keywords"": [""correct"", ""solution""], ""max_score"": 10}"
ex_content_12,content_12,Sample solution steps for Chemistry - organic Level 1,"Accuracy: 5, Steps: 3, Clarity: 2","{""keywords"": [""correct"", ""solution""], ""max_score"": 10}"
ex_content_13,content_13,Sample solution steps for Aptitude - numerical Level 3,"Accuracy: 5, Steps: 3, Clarity: 2","{""keywords"": [""correct"", ""solution""], ""max_score"": 10}"
ex_content_14,content_14,Sample solution steps for Communication - speaking Level 3,"Accuracy: 5, Steps: 3, Clarity: 2","{""keywords"": [""correct"", ""solution""], ""max_score"": 10}"
ex_content_15,content_15,Sample solution steps for Communication - writing Level 1,"Accuracy: 5, Steps: 3, Clarity: 2","{""keywords"": [""correct"", ""solution""], ""max_score"": 10}"
ex_content_16,content_16,Sample solution steps for Communication - speaking Level 1,"Accuracy: 5, Steps: 3, Clarity: 2","{""keywords"": [""correct"", ""solution""], ""max_score"": 10}"
ex_content_17,content_17,Sample solution steps for Physics - mechanics Level 1,"Accuracy: 5, Steps: 3, Clarity: 2","{""keywords"": [""correct"", ""solution""], ""max_score"": 10}"
ex_content_18,content_18,Sample solution steps for Chemistry - inorganic Level 3,"Accuracy: 5, Steps: 3, Clarity: 2","{""keywords"": [""correct"", ""solution""], ""max_score"": 10}"
ex_content_19,content_19,Sample solution steps for Aptitude - numerical Level 2,"Accuracy: 5, Steps: 3, Clarity: 2","{""keywords"": [""correct"", ""solution""], ""max_score"": 10}"
ex_content_20,content_20,Sample solution steps for Communication - writing Level 2,"Accuracy: 5, Steps: 3, Clarity: 2","{""keywords"": [""correct"", ""solution""], ""max_score"": 10}"
ex_content_21,content_21,Sample solution steps for Mathematics - calculus Level 2,"Accuracy: 5, Steps: 3, Clarity: 2","{""keywords"": [""correct"", ""solution""], ""max_score"": 10}"
ex_content_22,content_22,Sample solution steps for Chemistry - inorganic Level 2,"Accuracy: 5, Steps: 3, Clarity: 2","{""keywords"": [""correct"", ""solution""], ""max_score"": 10}"
ex_content_23,content_23,Sample solution steps for Programming - web_dev Level 2,"Accuracy: 5, Steps: 3, Clarity: 2","{""keywords"": [""correct"", ""solution""], ""max_score"": 10}"
ex_content_24,content_24,Sample solution steps for Programming - web_dev Level 2,"Accuracy: 5, Steps: 3, Clarity: 2","{""keywords"": [""correct"", ""solution""], ""max_score"": 10}"
ex_content_25,content_25,Sample solution steps for Chemistry - organic Level 3,"Accuracy: 5, Steps: 3, Clarity: 2","{""keywords"": [""correct"", ""solution""], ""max_score"": 10}"
ex_content_26,content_26,Sample solution steps for Mathematics - probability Level 3,"Accuracy: 5, Steps: 3, Clarity: 2","{""keywords"": [""correct"", ""solution""], ""max_score"": 10}"
ex_content_27,content_27,Sample solution steps for Aptitude - numerical Level 2,"Accuracy: 5, Steps: 3, Clarity: 2","{""keywords"": [""correct"", ""solution""], ""max_score"": 10}"
ex_content_28,content_28,Sample solution steps for Mathematics - calculus Level 3,"Accuracy: 5, Steps: 3, Clarity: 2","{""keywords"": [""correct"", ""solution""], ""max_score"": 10}"
ex_content_29,content_29,Sample solution steps for Chemistry - inorganic Level 3,"Accuracy: 5, Steps: 3, Clarity: 2","{""keywords"": [""correct"", ""solution""], ""max_score"": 10}"
ex_content_30,content_30,Sample solution steps for Programming - data_structures Level 3,"Accuracy: 5, Steps: 3, Clarity: 2","{""keywords"": [""correct"", ""solution""], ""max_score"": 10}"
ex_content_31,content_31,Sample solution steps for Chemistry - inorganic Level 1,"Accuracy: 5, Steps: 3, Clarity: 2","{""keywords"": [""correct"", ""solution""], ""max_score"": 10}"
ex_content_32,content_32,Sample solution steps for Chemistry - physical Level 2,"Accuracy: 5, Steps: 3, Clarity: 2","{""keywords"": [""correct"", ""solution""], ""max_score"": 10}"
ex_content_33,content_33,Sample solution steps for Communication - writing Level 1,"Accuracy: 5, Steps: 3, Clarity: 2","{""keywords"": [""correct"", ""solution""], ""max_score"": 10}"
ex_content_34,content_34,Sample solution steps for Communication - speaking Level 2,"Accuracy: 5, Steps: 3, Clarity: 2","{""keywords"": [""correct"", ""solution""], ""max_score"": 10}"
ex_content_35,content_35,Sample solution steps for Communication - listening Level 1,"Accuracy: 5, Steps: 3, Clarity: 2","{""keywords"": [""correct"", ""solution""], ""max_score"": 10}"
ex_content_36,content_36,Sample solution steps for Physics - thermodynamics Level 3,"Accuracy: 5, Steps: 3, Clarity: 2","{""keywords"": [""correct"", ""solution""], ""max_score"": 10}"
ex_content_37,content_37,Sample solution steps for Mathematics - geometry Level 1,"Accuracy: 5, Steps: 3, Clarity: 2","{""keywords"": [""correct"", ""solution""], ""max_score"": 10}"
ex_content_38,content_38,Sample solution steps for Communication - speaking Level 2,"Accuracy: 5, Steps: 3, Clarity: 2","{""keywords"": [""correct"", ""solution""], ""max_score"": 10}"
ex_content_39,content_39,Sample solution steps for Aptitude - logical_reasoning Level 3,"Accuracy: 5, Steps: 3, Clarity: 2","{""keywords"": [""correct"", ""solution""], ""max_score"": 10}"
ex_content_40,content_40,Sample solution steps for Communication - speaking Level 2,"Accuracy: 5, Steps: 3, Clarity: 2","{""keywords"": [""correct"", ""solution""], ""max_score"": 10}"
ex_content_41,content_41,Sample solution steps for Programming - python Level 3,"Accuracy: 5, Steps: 3, Clarity: 2","{""keywords"": [""correct"", ""solution""], ""max_score"": 10}"
ex_content_42,content_42,Sample solution steps for Aptitude - numerical Level 2,"Accuracy: 5, Steps: 3, Clarity: 2","{""keywords"": [""correct"", ""solution""], ""max_score"": 10}"
ex_content_43,content_43,Sample solution steps for Communication - speaking Level 1,"Accuracy: 5, Steps: 3, Clarity: 2","{""keywords"": [""correct"", ""solution""], ""max_score"": 10}"
ex_content_44,content_44,Sample solution steps for Mathematics - geometry Level 2,"Accuracy: 5, Steps: 3, Clarity: 2","{""keywords"": [""correct"", ""solution""], ""max_score"": 10}"
ex_content_45,content_45,Sample solution steps for Programming - python Level 2,"Accuracy: 5, Steps: 3, Clarity: 2","{""keywords"": [""correct"", ""solution""], ""max_score"": 10}"
ex_content_46,content_46,Sample solution steps for Communication - speaking Level 1,"Accuracy: 5, Steps: 3, Clarity: 2","{""keywords"": [""correct"", ""solution""], ""max_score"": 10}"
ex_content_47,content_47,Sample solution steps for Chemistry - physical Level 2,"Accuracy: 5, Steps: 3, Clarity: 2","{""keywords"": [""correct"", ""solution""], ""max_score"": 10}"
ex_content_48,content_48,Sample solution steps for Mathematics - geometry Level 1,"Accuracy: 5, Steps: 3, Clarity: 2","{""keywords"": [""correct"", ""solution""], ""max_score"": 10}"
ex_content_49,content_49,Sample solution steps for Physics - thermodynamics Level 2,"Accuracy: 5, Steps: 3, Clarity: 2","{""keywords"": [""correct"", ""solution""], ""max_score"": 10}"
ex_content_50,content_50,Sample solution steps for Communication - speaking Level 3,"Accuracy: 5, Steps: 3, Clarity: 2","{""keywords"": [""correct"", ""solution""], ""max_score"": 10}"
ex_content_51,content_51,Sample solution steps for Communication - writing Level 3,"Accuracy: 5, Steps: 3, Clarity: 2","{""keywords"": [""correct"", ""solution""], ""max_score"": 10}"
ex_content_52,content_52,Sample solution steps for Chemistry - inorganic Level 1,"Accuracy: 5, Steps: 3, Clarity: 2","{""keywords"": [""correct"", ""solution""], ""max_score"": 10}"
ex_content_53,content_53,Sample solution steps for Communication - listening Level 3,"Accuracy: 5, Steps: 3, Clarity: 2","{""keywords"": [""correct"", ""solution""], ""max_score"": 10}"
ex_content_54,content_54,Sample solution steps for Chemistry - physical Level 1,"Accuracy: 5, Steps: 3, Clarity: 2","{""keywords"": [""correct"", ""solution""], ""max_score"": 10}"
ex_content_55,content_55,Sample solution steps for Physics - mechanics Level 1,"Accuracy: 5, Steps: 3, Clarity: 2","{""keywords"": [""correct"", ""solution""], ""max_score"": 10}"
ex_content_56,content_56,Sample solution steps for Mathematics - calculus Level 3,"Accuracy: 5, Steps: 3, Clarity: 2","{""keywords"": [""correct"", ""solution""], ""max_score"": 10}"
ex_content_57,content_57,Sample solution steps for Chemistry - inorganic Level 3,"Accuracy: 5, Steps: 3, Clarity: 2","{""keywords"": [""correct"", ""solution""], ""max_score"": 10}"
ex_content_58,content_58,Sample solution steps for Aptitude - logical_reasoning Level 1,"Accuracy: 5, Steps: 3, Clarity: 2","{""keywords"": [""correct"", ""solution""], ""max_score"": 10}"
ex_content_59,content_59,Sample solution steps for Programming - web_dev Level 3,"Accuracy: 5, Steps: 3, Clarity: 2","{""keywords"": [""correct"", ""solution""], ""max_score"": 10}"
ex_content_60,content_60,Sample solution steps for Programming - python Level 1,"Accuracy: 5, Steps: 3, Clarity: 2","{""keywords"": [""correct"", ""solution""], ""max_score"": 10}"
ex_content_61,content_61,Sample solution steps for Communication - writing Level 2,"Accuracy: 5, Steps: 3, Clarity: 2","{""keywords"": [""correct"", ""solution""], ""max_score"": 10}"
ex_content_62,content_62,Sample solution steps for Communication - listening Level 2,"Accuracy: 5, Steps: 3, Clarity: 2","{""keywords"": [""correct"", ""solution""], ""max_score"": 10}"
ex_content_63,content_63,Sample solution steps for Aptitude - verbal Level 3,"Accuracy: 5, Steps: 3, Clarity: 2","{""keywords"": [""correct"", ""solution""], ""max_score"": 10}"
ex_content_64,content_64,Sample solution steps for Physics - electricity Level 3,"Accuracy: 5, Steps: 3, Clarity: 2","{""keywords"": [""correct"", ""solution""], ""max_score"": 10}"
ex_content_65,content_65,Sample solution steps for Mathematics - geometry Level 2,"Accuracy: 5, Steps: 3, Clarity: 2","{""keywords"": [""correct"", ""solution""], ""max_score"": 10}"
ex_content_66,content_66,Sample solution steps for Physics - electricity Level 3,"Accuracy: 5, Steps: 3, Clarity: 2","{""keywords"": [""correct"", ""solution""], ""max_score"": 10}"
ex_content_67,content_67,Sample solution steps for Chemistry - physical Level 2,"Accuracy: 5, Steps: 3, Clarity: 2","{""keywords"": [""correct"", ""solution""], ""max_score"": 10}"
ex_content_68,content_68,Sample solution steps for Chemistry - organic Level 3,"Accuracy: 5, Steps: 3, Clarity: 2","{""keywords"": [""correct"", ""solution""], ""max_score"": 10}"
ex_content_69,content_69,Sample solution steps for Chemistry - organic Level 3,"Accuracy: 5, Steps: 3, Clarity: 2","{""keywords"": [""correct"", ""solution""], ""max_score"": 10}"
ex_content_70,content_70,Sample solution steps for Aptitude - verbal Level 1,"Accuracy: 5, Steps: 3, Clarity: 2","{""keywords"": [""correct"", ""solution""], ""max_score"": 10}"
ex_content_71,content_71,Sample solution steps for Communication - writing Level 3,"Accuracy: 5, Steps: 3, Clarity: 2","{""keywords"": [""correct"", ""solution""], ""max_score"": 10}"
ex_content_72,content_72,Sample solution steps for Physics - mechanics Level 3,"Accuracy: 5, Steps: 3, Clarity: 2","{""keywords"": [""correct"", ""solution""], ""max_score"": 10}"
ex_content_73,content_73,Sample solution steps for Communication - listening Level 2,"Accuracy: 5, Steps: 3, Clarity: 2","{""keywords"": [""correct"", ""solution""], ""max_score"": 10}"
ex_content_74,content_74,Sample solution steps for Mathematics - algebra Level 1,"Accuracy: 5, Steps: 3, Clarity: 2","{""keywords"": [""correct"", ""solution""], ""max_score"": 10}"
ex_content_75,content_75,Sample solution steps for Communication - listening Level 2,"Accuracy: 5, Steps: 3, Clarity: 2","{""keywords"": [""correct"", ""solution""], ""max_score"": 10}"
ex_content_76,content_76,Sample solution steps for Physics - thermodynamics Level 2,"Accuracy: 5, Steps: 3, Clarity: 2","{""keywords"": [""correct"", ""solution""], ""max_score"": 10}"
ex_content_77,content_77,Sample solution steps for Communication - writing Level 2,"Accuracy: 5, Steps: 3, Clarity: 2","{""keywords"": [""correct"", ""solution""], ""max_score"": 10}"
ex_content_78,content_78,Sample solution steps for Aptitude - numerical Level 3,"Accuracy: 5, Steps: 3, Clarity: 2","{""keywords"": [""correct"", ""solution""], ""max_score"": 10}"
ex_content_79,content_79,Sample solution steps for Programming - data_structures Level 3,"Accuracy: 5, Steps: 3, Clarity: 2","{""keywords"": [""correct"", ""solution""], ""max_score"": 10}"
ex_content_80,content_80,Sample solution steps for Chemistry - inorganic Level 1,"Accuracy: 5, Steps: 3, Clarity: 2","{""keywords"": [""correct"", ""solution""], ""max_score"": 10}"
ex_content_81,content_81,Sample solution steps for Mathematics - geometry Level 2,"Accuracy: 5, Steps: 3, Clarity: 2","{""keywords"": [""correct"", ""solution""], ""max_score"": 10}"
ex_content_82,content_82,Sample solution steps for Programming - web_dev Level 1,"Accuracy: 5, Steps: 3, Clarity: 2","{""keywords"": [""correct"", ""solution""], ""max_score"": 10}"
ex_content_83,content_83,Sample solution steps for Aptitude - logical_reasoning Level 2,"Accuracy: 5, Steps: 3, Clarity: 2","{""keywords"": [""correct"", ""solution""], ""max_score"": 10}"
ex_content_84,content_84,Sample solution steps for Chemistry - physical Level 2,"Accuracy: 5, Steps: 3, Clarity: 2","{""keywords"": [""correct"", ""solution""], ""max_score"": 10}"
ex_content_85,content_85,Sample solution steps for Physics - electricity Level 3,"Accuracy: 5, Steps: 3, Clarity: 2","{""keywords"": [""correct"", ""solution""], ""max_score"": 10}"
ex_content_86,content_86,Sample solution steps for Mathematics - calculus Level 1,"Accuracy: 5, Steps: 3, Clarity: 2","{""keywords"": [""correct"", ""solution""], ""max_score"": 10}"
ex_content_87,content_87,Sample solution steps for Mathematics - calculus Level 2,"Accuracy: 5, Steps: 3, Clarity: 2","{""keywords"": [""correct"", ""solution""], ""max_score"": 10}"
ex_content_88,content_88,Sample solution steps for Physics - mechanics Level 1,"Accuracy: 5, Steps: 3, Clarity: 2","{""keywords"": [""correct"", ""solution""], ""max_score"": 10}"
ex_content_89,content_89,Sample solution steps for Programming - web_dev Level 1,"Accuracy: 5, Steps: 3, Clarity: 2","{""keywords"": [""correct"", ""solution""], ""max_score"": 10}"
ex_content_90,content_90,Sample solution steps for Chemistry - physical Level 3,"Accuracy: 5, Steps: 3, Clarity: 2","{""keywords"": [""correct"", ""solution""], ""max_score"": 10}"
ex_content_91,content_91,Sample solution steps for Physics - mechanics Level 2,"Accuracy: 5, Steps: 3, Clarity: 2","{""keywords"": [""correct"", ""solution""], ""max_score"": 10}"
ex_content_92,content_92,Sample solution steps for Programming - web_dev Level 2,"Accuracy: 5, Steps: 3, Clarity: 2","{""keywords"": [""correct"", ""solution""], ""max_score"": 10}"
ex_content_93,content_93,Sample solution steps for Mathematics - algebra Level 2,"Accuracy: 5, Steps: 3, Clarity: 2","{""keywords"": [""correct"", ""solution""], ""max_score"": 10}"
ex_content_94,content_94,Sample solution steps for Programming - data_structures Level 1,"Accuracy: 5, Steps: 3, Clarity: 2","{""keywords"": [""correct"", ""solution""], ""max_score"": 10}"
ex_content_95,content_95,Sample solution steps for Chemistry - organic Level 1,"Accuracy: 5, Steps: 3, Clarity: 2","{""keywords"": [""correct"", ""solution""], ""max_score"": 10}"
ex_content_96,content_96,Sample solution steps for Programming - web_dev Level 2,"Accuracy: 5, Steps: 3, Clarity: 2","{""keywords"": [""correct"", ""solution""], ""max_score"": 10}"
ex_content_97,content_97,Sample solution steps for Mathematics - algebra Level 2,"Accuracy: 5, Steps: 3, Clarity: 2","{""keywords"": [""correct"", ""solution""], ""max_score"": 10}"
ex_content_98,content_98,Sample solution steps for Chemistry - physical Level 2,"Accuracy: 5, Steps: 3, Clarity: 2","{""keywords"": [""correct"", ""solution""], ""max_score"": 10}"
ex_content_99,content_99,Sample solution steps for Chemistry - organic Level 2,"Accuracy: 5, Steps: 3, Clarity: 2","{""keywords"": [""correct"", ""solution""], ""max_score"": 10}"
ex_content_100,content_100,Sample solution steps for Aptitude - verbal Level 1,"Accuracy: 5, Steps: 3, Clarity: 2","{""keywords"": [""correct"", ""solution""], ""max_score"": 10}"
ex_content_101,content_101,Sample solution steps for Aptitude - numerical Level 1,"Accuracy: 5, Steps: 3, Clarity: 2","{""keywords"": [""correct"", ""solution""], ""max_score"": 10}"
ex_content_102,content_102,Sample solution steps for Aptitude - numerical Level 3,"Accuracy: 5, Steps: 3, Clarity: 2","{""keywords"": [""correct"", ""solution""], ""max_score"": 10}"
ex_content_103,content_103,Sample solution steps for Aptitude - verbal Level 3,"Accuracy: 5, Steps: 3, Clarity: 2","{""keywords"": [""correct"", ""solution""], ""max_score"": 10}"
ex_content_104,content_104,Sample solution steps for Physics - mechanics Level 2,"Accuracy: 5, Steps: 3, Clarity: 2","{""keywords"": [""correct"", ""solution""], ""max_score"": 10}"
ex_content_105,content_105,Sample solution steps for Chemistry - physical Level 2,"Accuracy: 5, Steps: 3, Clarity: 2","{""keywords"": [""correct"", ""solution""], ""max_score"": 10}"
ex_content_106,content_106,Sample solution steps for Physics - thermodynamics Level 3,"Accuracy: 5, Steps: 3, Clarity: 2","{""keywords"": [""correct"", ""solution""], ""max_score"": 10}"
ex_content_107,content_107,Sample solution steps for Aptitude - logical_reasoning Level 1,"Accuracy: 5, Steps: 3, Clarity: 2","{""keywords"": [""correct"", ""solution""], ""max_score"": 10}"
ex_content_108,content_108,Sample solution steps for Physics - thermodynamics Level 2,"Accuracy: 5, Steps: 3, Clarity: 2","{""keywords"": [""correct"", ""solution""], ""max_score"": 10}"
ex_content_109,content_109,Sample solution steps for Aptitude - numerical Level 1,"Accuracy: 5, Steps: 3, Clarity: 2","{""keywords"": [""correct"", ""solution""], ""max_score"": 10}"
ex_content_110,content_110,Sample solution steps for Aptitude - logical_reasoning Level 2,"Accuracy: 5, Steps: 3, Clarity: 2","{""keywords"": [""correct"", ""solution""], ""max_score"": 10}"
ex_content_111,content_111,Sample solution steps for Chemistry - organic Level 2,"Accuracy: 5, Steps: 3, Clarity: 2","{""keywords"": [""correct"", ""solution""], ""max_score"": 10}"
ex_content_112,content_112,Sample solution steps for Communication - speaking Level 3,"Accuracy: 5, Steps: 3, Clarity: 2","{""keywords"": [""correct"", ""solution""], ""max_score"": 10}"
ex_content_113,content_113,Sample solution steps for Aptitude - verbal Level 3,"Accuracy: 5, Steps: 3, Clarity: 2","{""keywords"": [""correct"", ""solution""], ""max_score"": 10}"
ex_content_114,content_114,Sample solution steps for Communication - listening Level 2,"Accuracy: 5, Steps: 3, Clarity: 2","{""keywords"": [""correct"", ""solution""], ""max_score"": 10}"
ex_content_115,content_115,Sample solution steps for Mathematics - calculus Level 2,"Accuracy: 5, Steps: 3, Clarity: 2","{""keywords"": [""correct"", ""solution""], ""max_score"": 10}"
ex_content_116,content_116,Sample solution steps for Mathematics - probability Level 3,"Accuracy: 5, Steps: 3, Clarity: 2","{""keywords"": [""correct"", ""solution""], ""max_score"": 10}"
ex_content_117,content_117,Sample solution steps for Communication - listening Level 3,"Accuracy: 5, Steps: 3, Clarity: 2","{""keywords"": [""correct"", ""solution""], ""max_score"": 10}"
ex_content_118,content_118,Sample solution steps for Aptitude - numerical Level 2,"Accuracy: 5, Steps: 3, Clarity: 2","{""keywords"": [""correct"", ""solution""], ""max_score"": 10}"
ex_content_119,content_119,Sample solution steps for Aptitude - verbal Level 1,"Accuracy: 5, Steps: 3, Clarity: 2","{""keywords"": [""correct"", ""solution""], ""max_score"": 10}"
ex_content_120,content_120,Sample solution steps for Mathematics - probability Level 1,"Accuracy: 5, Steps: 3, Clarity: 2","{""keywords"": [""correct"", ""solution""], ""max_score"": 10}"
ex_content_121,content_121,Sample solution steps for Communication - listening Level 3,"Accuracy: 5, Steps: 3, Clarity: 2","{""keywords"": [""correct"", ""solution""], ""max_score"": 10}"
ex_content_122,content_122,Sample solution steps for Physics - thermodynamics Level 1,"Accuracy: 5, Steps: 3, Clarity: 2","{""keywords"": [""correct"", ""solution""], ""max_score"": 10}"
ex_content_123,content_123,Sample solution steps for Aptitude - verbal Level 1,"Accuracy: 5, Steps: 3, Clarity: 2","{""keywords"": [""correct"", ""solution""], ""max_score"": 10}"
ex_content_124,content_124,Sample solution steps for Mathematics - probability Level 2,"Accuracy: 5, Steps: 3, Clarity: 2","{""keywords"": [""correct"", ""solution""], ""max_score"": 10}"
ex_content_125,content_125,Sample solution steps for Physics - electricity Level 3,"Accuracy: 5, Steps: 3, Clarity: 2","{""keywords"": [""correct"", ""solution""], ""max_score"": 10}"
ex_content_126,content_126,Sample solution steps for Programming - web_dev Level 3,"Accuracy: 5, Steps: 3, Clarity: 2","{""keywords"": [""correct"", ""solution""], ""max_score"": 10}"
ex_content_127,content_127,Sample solution steps for Mathematics - geometry Level 3,"Accuracy: 5, Steps: 3, Clarity: 2","{""keywords"": [""correct"", ""solution""], ""max_score"": 10}"
ex_content_128,content_128,Sample solution steps for Aptitude - numerical Level 3,"Accuracy: 5, Steps: 3, Clarity: 2","{""keywords"": [""correct"", ""solution""], ""max_score"": 10}"
ex_content_129,content_129,Sample solution steps for Aptitude - numerical Level 2,"Accuracy: 5, Steps: 3, Clarity: 2","{""keywords"": [""correct"", ""solution""], ""max_score"": 10}"
ex_content_130,content_130,Sample solution steps for Programming - algorithms Level 3,"Accuracy: 5, Steps: 3, Clarity: 2","{""keywords"": [""correct"", ""solution""], ""max_score"": 10}"
ex_content_131,content_131,Sample solution steps for Communication - listening Level 3,"Accuracy: 5, Steps: 3, Clarity: 2","{""keywords"": [""correct"", ""solution""], ""max_score"": 10}"
ex_content_132,content_132,Sample solution steps for Communication - speaking Level 3,"Accuracy: 5, Steps: 3, Clarity: 2","{""keywords"": [""correct"", ""solution""], ""max_score"": 10}"
ex_content_133,content_133,Sample solution steps for Physics - mechanics Level 2,"Accuracy: 5, Steps: 3, Clarity: 2","{""keywords"": [""correct"", ""solution""], ""max_score"": 10}"
ex_content_134,content_134,Sample solution steps for Chemistry - organic Level 2,"Accuracy: 5, Steps: 3, Clarity: 2","{""keywords"": [""correct"", ""solution""], ""max_score"": 10}"
ex_content_135,content_135,Sample solution steps for Communication - writing Level 3,"Accuracy: 5, Steps: 3, Clarity: 2","{""keywords"": [""correct"", ""solution""], ""max_score"": 10}"
ex_content_136,content_136,Sample solution steps for Programming - algorithms Level 2,"Accuracy: 5, Steps: 3, Clarity: 2","{""keywords"": [""correct"", ""solution""], ""max_score"": 10}"
ex_content_137,content_137,Sample solution steps for Aptitude - verbal Level 2,"Accuracy: 5, Steps: 3, Clarity: 2","{""keywords"": [""correct"", ""solution""], ""max_score"": 10}"
ex_content_138,content_138,Sample solution steps for Mathematics - probability Level 2,"Accuracy: 5, Steps: 3, Clarity: 2","{""keywords"": [""correct"", ""solution""], ""max_score"": 10}"
ex_content_139,content_139,Sample solution steps for Physics - electricity Level 1,"Accuracy: 5, Steps: 3, Clarity: 2","{""keywords"": [""correct"", ""solution""], ""max_score"": 10}"
ex_content_140,content_140,Sample solution steps for Communication - writing Level 2,"Accuracy: 5, Steps: 3, Clarity: 2","{""keywords"": [""correct"", ""solution""], ""max_score"": 10}"
ex_content_141,content_141,Sample solution steps for Communication - speaking Level 3,"Accuracy: 5, Steps: 3, Clarity: 2","{""keywords"": [""correct"", ""solution""], ""max_score"": 10}"
ex_content_142,content_142,Sample solution steps for Physics - mechanics Level 3,"Accuracy: 5, Steps: 3, Clarity: 2","{""keywords"": [""correct"", ""solution""], ""max_score"": 10}"
ex_content_143,content_143,Sample solution steps for Aptitude - verbal Level 2,"Accuracy: 5, Steps: 3, Clarity: 2","{""keywords"": [""correct"", ""solution""], ""max_score"": 10}"
ex_content_144,content_144,Sample solution steps for Mathematics - geometry Level 1,"Accuracy: 5, Steps: 3, Clarity: 2","{""keywords"": [""correct"", ""solution""], ""max_score"": 10}"
ex_content_145,content_145,Sample solution steps for Communication - listening Level 1,"Accuracy: 5, Steps: 3, Clarity: 2","{""keywords"": [""correct"", ""solution""], ""max_score"": 10}"
ex_content_146,content_146,Sample solution steps for Physics - mechanics Level 1,"Accuracy: 5, Steps: 3, Clarity: 2","{""keywords"": [""correct"", ""solution""], ""max_score"": 10}"
ex_content_147,content_147,Sample solution steps for Chemistry - physical Level 2,"Accuracy: 5, Steps: 3, Clarity: 2","{""keywords"": [""correct"", ""solution""], ""max_score"": 10}"
ex_content_148,content_148,Sample solution steps for Communication - writing Level 1,"Accuracy: 5, Steps: 3, Clarity: 2","{""keywords"": [""correct"", ""solution""], ""max_score"": 10}"
ex_content_149,content_149,Sample solution steps for Physics - electricity Level 3,"Accuracy: 5, Steps: 3, Clarity: 2","{""keywords"": [""correct"", ""solution""], ""max_score"": 10}"
ex_content_150,content_150,Sample solution steps for Programming - data_structures Level 2,"Accuracy: 5, Steps: 3, Clarity: 2","{""keywords"": [""correct"", ""solution""], ""max_score"": 10}"
ex_content_151,content_151,Sample solution steps for Chemistry - physical Level 1,"Accuracy: 5, Steps: 3, Clarity: 2","{""keywords"": [""correct"", ""solution""], ""max_score"": 10}"
ex_content_152,content_152,Sample solution steps for Communication - listening Level 1,"Accuracy: 5, Steps: 3, Clarity: 2","{""keywords"": [""correct"", ""solution""], ""max_score"": 10}"
ex_content_153,content_153,Sample solution steps for Communication - listening Level 1,"Accuracy: 5, Steps: 3, Clarity: 2","{""keywords"": [""correct"", ""solution""], ""max_score"": 10}"
ex_content_154,content_154,Sample solution steps for Programming - data_structures Level 1,"Accuracy: 5, Steps: 3, Clarity: 2","{""keywords"": [""correct"", ""solution""], ""max_score"": 10}"
ex_content_155,content_155,Sample solution steps for Programming - data_structures Level 3,"Accuracy: 5, Steps: 3, Clarity: 2","{""keywords"": [""correct"", ""solution""], ""max_score"": 10}"
ex_content_156,content_156,Sample solution steps for Mathematics - algebra Level 2,"Accuracy: 5, Steps: 3, Clarity: 2","{""keywords"": [""correct"", ""solution""], ""max_score"": 10}"
ex_content_157,content_157,Sample solution steps for Aptitude - logical_reasoning Level 2,"Accuracy: 5, Steps: 3, Clarity: 2","{""keywords"": [""correct"", ""solution""], ""max_score"": 10}"
ex_content_158,content_158,Sample solution steps for Programming - web_dev Level 1,"Accuracy: 5, Steps: 3, Clarity: 2","{""keywords"": [""correct"", ""solution""], ""max_score"": 10}"
ex_content_159,content_159,Sample solution steps for Programming - algorithms Level 1,"Accuracy: 5, Steps: 3, Clarity: 2","{""keywords"": [""correct"", ""solution""], ""max_score"": 10}"
ex_content_160,content_160,Sample solution steps for Chemistry - organic Level 3,"Accuracy: 5, Steps: 3, Clarity: 2","{""keywords"": [""correct"", ""solution""], ""max_score"": 10}"
ex_content_161,content_161,Sample solution steps for Communication - speaking Level 3,"Accuracy: 5, Steps: 3, Clarity: 2","{""keywords"": [""correct"", ""solution""], ""max_score"": 10}"
ex_content_162,content_162,Sample solution steps for Mathematics - calculus Level 2,"Accuracy: 5, Steps: 3, Clarity: 2","{""keywords"": [""correct"", ""solution""], ""max_score"": 10}"
ex_content_163,content_163,Sample solution steps for Communication - writing Level 1,"Accuracy: 5, Steps: 3, Clarity: 2","{""keywords"": [""correct"", ""solution""], ""max_score"": 10}"
ex_content_164,content_164,Sample solution steps for Communication - speaking Level 2,"Accuracy: 5, Steps: 3, Clarity: 2","{""keywords"": [""correct"", ""solution""], ""max_score"": 10}"
ex_content_165,content_165,Sample solution steps for Chemistry - organic Level 2,"Accuracy: 5, Steps: 3, Clarity: 2","{""keywords"": [""correct"", ""solution""], ""max_score"": 10}"
ex_content_166,content_166,Sample solution steps for Mathematics - geometry Level 1,"Accuracy: 5, Steps: 3, Clarity: 2","{""keywords"": [""correct"", ""solution""], ""max_score"": 10}"
ex_content_167,content_167,Sample solution steps for Chemistry - organic Level 1,"Accuracy: 5, Steps: 3, Clarity: 2","{""keywords"": [""correct"", ""solution""], ""max_score"": 10}"
ex_content_168,content_168,Sample solution steps for Programming - data_structures Level 2,"Accuracy: 5, Steps: 3, Clarity: 2","{""keywords"": [""correct"", ""solution""], ""max_score"": 10}"
ex_content_169,content_169,Sample solution steps for Chemistry - inorganic Level 3,"Accuracy: 5, Steps: 3, Clarity: 2","{""keywords"": [""correct"", ""solution""], ""max_score"": 10}"
ex_content_170,content_170,Sample solution steps for Aptitude - logical_reasoning Level 2,"Accuracy: 5, Steps: 3, Clarity: 2","{""keywords"": [""correct"", ""solution""], ""max_score"": 10}"
ex_content_171,content_171,Sample solution steps for Chemistry - physical Level 1,"Accuracy: 5, Steps: 3, Clarity: 2","{""keywords"": [""correct"", ""solution""], ""max_score"": 10}"
ex_content_172,content_172,Sample solution steps for Communication - writing Level 2,"Accuracy: 5, Steps: 3, Clarity: 2","{""keywords"": [""correct"", ""solution""], ""max_score"": 10}"
ex_content_173,content_173,Sample solution steps for Physics - electricity Level 3,"Accuracy: 5, Steps: 3, Clarity: 2","{""keywords"": [""correct"", ""solution""], ""max_score"": 10}"
ex_content_174,content_174,Sample solution steps for Communication - speaking Level 3,"Accuracy: 5, Steps: 3, Clarity: 2","{""keywords"": [""correct"", ""solution""], ""max_score"": 10}"
ex_content_175,content_175,Sample solution steps for Communication - speaking Level 2,"Accuracy: 5, Steps: 3, Clarity: 2","{""keywords"": [""correct"", ""solution""], ""max_score"": 10}"
ex_content_176,content_176,Sample solution steps for Physics - mechanics Level 1,"Accuracy: 5, Steps: 3, Clarity: 2","{""keywords"": [""correct"", ""solution""], ""max_score"": 10}"
ex_content_177,content_177,Sample solution steps for Physics - electricity Level 3,"Accuracy: 5, Steps: 3, Clarity: 2","{""keywords"": [""correct"", ""solution""], ""max_score"": 10}"
ex_content_178,content_178,Sample solution steps for Chemistry - inorganic Level 3,"Accuracy: 5, Steps: 3, Clarity: 2","{""keywords"": [""correct"", ""solution""], ""max_score"": 10}"
ex_content_179,content_179,Sample solution steps for Programming - data_structures Level 1,"Accuracy: 5, Steps: 3, Clarity: 2","{""keywords"": [""correct"", ""solution""], ""max_score"": 10}"
ex_content_180,content_180,Sample solution steps for Aptitude - logical_reasoning Level 3,"Accuracy: 5, Steps: 3, Clarity: 2","{""keywords"": [""correct"", ""solution""], ""max_score"": 10}"
ex_content_181,content_181,Sample solution steps for Aptitude - verbal Level 2,"Accuracy: 5, Steps: 3, Clarity: 2","{""keywords"": [""correct"", ""solution""], ""max_score"": 10}"
ex_content_182,content_182,Sample solution steps for Aptitude - logical_reasoning Level 1,"Accuracy: 5, Steps: 3, Clarity: 2","{""keywords"": [""correct"", ""solution""], ""max_score"": 10}"
ex_content_183,content_183,Sample solution steps for Aptitude - logical_reasoning Level 3,"Accuracy: 5, Steps: 3, Clarity: 2","{""keywords"": [""correct"", ""solution""], ""max_score"": 10}"
ex_content_184,content_184,Sample solution steps for Physics - mechanics Level 2,"Accuracy: 5, Steps: 3, Clarity: 2","{""keywords"": [""correct"", ""solution""], ""max_score"": 10}"
ex_content_185,content_185,Sample solution steps for Programming - python Level 3,"Accuracy: 5, Steps: 3, Clarity: 2","{""keywords"": [""correct"", ""solution""], ""max_score"": 10}"
ex_content_186,content_186,Sample solution steps for Communication - listening Level 2,"Accuracy: 5, Steps: 3, Clarity: 2","{""keywords"": [""correct"", ""solution""], ""max_score"": 10}"
ex_content_187,content_187,Sample solution steps for Aptitude - numerical Level 1,"Accuracy: 5, Steps: 3, Clarity: 2","{""keywords"": [""correct"", ""solution""], ""max_score"": 10}"
ex_content_188,content_188,Sample solution steps for Physics - thermodynamics Level 2,"Accuracy: 5, Steps: 3, Clarity: 2","{""keywords"": [""correct"", ""solution""], ""max_score"": 10}"
ex_content_189,content_189,Sample solution steps for Aptitude - logical_reasoning Level 3,"Accuracy: 5, Steps: 3, Clarity: 2","{""keywords"": [""correct"", ""solution""], ""max_score"": 10}"
ex_content_190,content_190,Sample solution steps for Communication - speaking Level 3,"Accuracy: 5, Steps: 3, Clarity: 2","{""keywords"": [""correct"", ""solution""], ""max_score"": 10}"
ex_content_191,content_191,Sample solution steps for Programming - algorithms Level 1,"Accuracy: 5, Steps: 3, Clarity: 2","{""keywords"": [""correct"", ""solution""], ""max_score"": 10}"
ex_content_192,content_192,Sample solution steps for Physics - thermodynamics Level 1,"Accuracy: 5, Steps: 3, Clarity: 2","{""keywords"": [""correct"", ""solution""], ""max_score"": 10}"
ex_content_193,content_193,Sample solution steps for Programming - algorithms Level 3,"Accuracy: 5, Steps: 3, Clarity: 2","{""keywords"": [""correct"", ""solution""], ""max_score"": 10}"
ex_content_194,content_194,Sample solution steps for Aptitude - logical_reasoning Level 1,"Accuracy: 5, Steps: 3, Clarity: 2","{""keywords"": [""correct"", ""solution""], ""max_score"": 10}"
ex_content_195,content_195,Sample solution steps for Mathematics - calculus Level 2,"Accuracy: 5, Steps: 3, Clarity: 2","{""keywords"": [""correct"", ""solution""], ""max_score"": 10}"
ex_content_196,content_196,Sample solution steps for Physics - thermodynamics Level 3,"Accuracy: 5, Steps: 3, Clarity: 2","{""keywords"": [""correct"", ""solution""], ""max_score"": 10}"
ex_content_197,content_197,Sample solution steps for Programming - algorithms Level 2,"Accuracy: 5, Steps: 3, Clarity: 2","{""keywords"": [""correct"", ""solution""], ""max_score"": 10}"
ex_content_198,content_198,Sample solution steps for Programming - web_dev Level 1,"Accuracy: 5, Steps: 3, Clarity: 2","{""keywords"": [""correct"", ""solution""], ""max_score"": 10}"
ex_content_199,content_199,Sample solution steps for Communication - listening Level 1,"Accuracy: 5, Steps: 3, Clarity: 2","{""keywords"": [""correct"", ""solution""], ""max_score"": 10}"
ex_content_200,content_200,Sample solution steps for Chemistry - organic Level 1,"Accuracy: 5, Steps: 3, Clarity: 2","{""keywords"": [""correct"", ""solution""], ""max_score"": 10}"
ex_content_201,content_201,Sample solution steps for Programming - data_structures Level 3,"Accuracy: 5, Steps: 3, Clarity: 2","{""keywords"": [""correct"", ""solution""], ""max_score"": 10}"
ex_content_202,content_202,Sample solution steps for Mathematics - algebra Level 2,"Accuracy: 5, Steps: 3, Clarity: 2","{""keywords"": [""correct"", ""solution""], ""max_score"": 10}"
ex_content_203,content_203,Sample solution steps for Communication - listening Level 3,"Accuracy: 5, Steps: 3, Clarity: 2","{""keywords"": [""correct"", ""solution""], ""max_score"": 10}"
ex_content_204,content_204,Sample solution steps for Aptitude - numerical Level 1,"Accuracy: 5, Steps: 3, Clarity: 2","{""keywords"": [""correct"", ""solution""], ""max_score"": 10}"
ex_content_205,content_205,Sample solution steps for Programming - algorithms Level 1,"Accuracy: 5, Steps: 3, Clarity: 2","{""keywords"": [""correct"", ""solution""], ""max_score"": 10}"
ex_content_206,content_206,Sample solution steps for Physics - thermodynamics Level 1,"Accuracy: 5, Steps: 3, Clarity: 2","{""keywords"": [""correct"", ""solution""], ""max_score"": 10}"
ex_content_207,content_207,Sample solution steps for Communication - speaking Level 3,"Accuracy: 5, Steps: 3, Clarity: 2","{""keywords"": [""correct"", ""solution""], ""max_score"": 10}"
ex_content_208,content_208,Sample solution steps for Physics - mechanics Level 1,"Accuracy: 5, Steps: 3, Clarity: 2","{""keywords"": [""correct"", ""solution""], ""max_score"": 10}"
ex_content_209,content_209,Sample solution steps for Aptitude - logical_reasoning Level 2,"Accuracy: 5, Steps: 3, Clarity: 2","{""keywords"": [""correct"", ""solution""], ""max_score"": 10}"
ex_content_210,content_210,Sample solution steps for Communication - listening Level 1,"Accuracy: 5, Steps: 3, Clarity: 2","{""keywords"": [""correct"", ""solution""], ""max_score"": 10}"
ex_content_211,content_211,Sample solution steps for Communication - writing Level 2,"Accuracy: 5, Steps: 3, Clarity: 2","{""keywords"": [""correct"", ""solution""], ""max_score"": 10}"
ex_content_212,content_212,Sample solution steps for Physics - thermodynamics Level 1,"Accuracy: 5, Steps: 3, Clarity: 2","{""keywords"": [""correct"", ""solution""], ""max_score"": 10}"
ex_content_213,content_213,Sample solution steps for Physics - thermodynamics Level 2,"Accuracy: 5, Steps: 3, Clarity: 2","{""keywords"": [""correct"", ""solution""], ""max_score"": 10}"
ex_content_214,content_214,Sample solution steps for Communication - listening Level 2,"Accuracy: 5, Steps: 3, Clarity: 2","{""keywords"": [""correct"", ""solution""], ""max_score"": 10}"
ex_content_215,content_215,Sample solution steps for Aptitude - verbal Level 2,"Accuracy: 5, Steps: 3, Clarity: 2","{""keywords"": [""correct"", ""solution""], ""max_score"": 10}"
ex_content_216,content_216,Sample solution steps for Chemistry - organic Level 3,"Accuracy: 5, Steps: 3, Clarity: 2","{""keywords"": [""correct"", ""solution""], ""max_score"": 10}"
ex_content_217,content_217,Sample solution steps for Physics - electricity Level 2,"Accuracy: 5, Steps: 3, Clarity: 2","{""keywords"": [""correct"", ""solution""], ""max_score"": 10}"
ex_content_218,content_218,Sample solution steps for Mathematics - geometry Level 3,"Accuracy: 5, Steps: 3, Clarity: 2","{""keywords"": [""correct"", ""solution""], ""max_score"": 10}"
ex_content_219,content_219,Sample solution steps for Programming - web_dev Level 1,"Accuracy: 5, Steps: 3, Clarity: 2","{""keywords"": [""correct"", ""solution""], ""max_score"": 10}"
ex_content_220,content_220,Sample solution steps for Communication - listening Level 2,"Accuracy: 5, Steps: 3, Clarity: 2","{""keywords"": [""correct"", ""solution""], ""max_score"": 10}"
ex_content_221,content_221,Sample solution steps for Chemistry - physical Level 2,"Accuracy: 5, Steps: 3, Clarity: 2","{""keywords"": [""correct"", ""solution""], ""max_score"": 10}"
ex_content_222,content_222,Sample solution steps for Physics - electricity Level 2,"Accuracy: 5, Steps: 3, Clarity: 2","{""keywords"": [""correct"", ""solution""], ""max_score"": 10}"
ex_content_223,content_223,Sample solution steps for Aptitude - numerical Level 1,"Accuracy: 5, Steps: 3, Clarity: 2","{""keywords"": [""correct"", ""solution""], ""max_score"": 10}"
ex_content_224,content_224,Sample solution steps for Chemistry - physical Level 1,"Accuracy: 5, Steps: 3, Clarity: 2","{""keywords"": [""correct"", ""solution""], ""max_score"": 10}"
ex_content_225,content_225,Sample solution steps for Mathematics - probability Level 2,"Accuracy: 5, Steps: 3, Clarity: 2","{""keywords"": [""correct"", ""solution""], ""max_score"": 10}"
ex_content_226,content_226,Sample solution steps for Aptitude - logical_reasoning Level 2,"Accuracy: 5, Steps: 3, Clarity: 2","{""keywords"": [""correct"", ""solution""], ""max_score"": 10}"
ex_content_227,content_227,Sample solution steps for Chemistry - organic Level 2,"Accuracy: 5, Steps: 3, Clarity: 2","{""keywords"": [""correct"", ""solution""], ""max_score"": 10}"
ex_content_228,content_228,Sample solution steps for Mathematics - probability Level 2,"Accuracy: 5, Steps: 3, Clarity: 2","{""keywords"": [""correct"", ""solution""], ""max_score"": 10}"
ex_content_229,content_229,Sample solution steps for Aptitude - verbal Level 1,"Accuracy: 5, Steps: 3, Clarity: 2","{""keywords"": [""correct"", ""solution""], ""max_score"": 10}"
ex_content_230,content_230,Sample solution steps for Chemistry - inorganic Level 3,"Accuracy: 5, Steps: 3, Clarity: 2","{""keywords"": [""correct"", ""solution""], ""max_score"": 10}"
ex_content_231,content_231,Sample solution steps for Aptitude - logical_reasoning Level 1,"Accuracy: 5, Steps: 3, Clarity: 2","{""keywords"": [""correct"", ""solution""], ""max_score"": 10}"
ex_content_232,content_232,Sample solution steps for Aptitude - verbal Level 3,"Accuracy: 5, Steps: 3, Clarity: 2","{""keywords"": [""correct"", ""solution""], ""max_score"": 10}"
ex_content_233,content_233,Sample solution steps for Physics - electricity Level 1,"Accuracy: 5, Steps: 3, Clarity: 2","{""keywords"": [""correct"", ""solution""], ""max_score"": 10}"
ex_content_234,content_234,Sample solution steps for Chemistry - organic Level 1,"Accuracy: 5, Steps: 3, Clarity: 2","{""keywords"": [""correct"", ""solution""], ""max_score"": 10}"
ex_content_235,content_235,Sample solution steps for Communication - writing Level 3,"Accuracy: 5, Steps: 3, Clarity: 2","{""keywords"": [""correct"", ""solution""], ""max_score"": 10}"
ex_content_236,content_236,Sample solution steps for Physics - thermodynamics Level 3,"Accuracy: 5, Steps: 3, Clarity: 2","{""keywords"": [""correct"", ""solution""], ""max_score"": 10}"
ex_content_237,content_237,Sample solution steps for Physics - electricity Level 1,"Accuracy: 5, Steps: 3, Clarity: 2","{""keywords"": [""correct"", ""solution""], ""max_score"": 10}"
ex_content_238,content_238,Sample solution steps for Chemistry - inorganic Level 2,"Accuracy: 5, Steps: 3, Clarity: 2","{""keywords"": [""correct"", ""solution""], ""max_score"": 10}"
ex_content_239,content_239,Sample solution steps for Aptitude - verbal Level 2,"Accuracy: 5, Steps: 3, Clarity: 2","{""keywords"": [""correct"", ""solution""], ""max_score"": 10}"
ex_content_240,content_240,Sample solution steps for Chemistry - inorganic Level 3,"Accuracy: 5, Steps: 3, Clarity: 2","{""keywords"": [""correct"", ""solution""], ""max_score"": 10}"
ex_content_241,content_241,Sample solution steps for Programming - python Level 3,"Accuracy: 5, Steps: 3, Clarity: 2","{""keywords"": [""correct"", ""solution""], ""max_score"": 10}"
ex_content_242,content_242,Sample solution steps for Chemistry - organic Level 2,"Accuracy: 5, Steps: 3, Clarity: 2","{""keywords"": [""correct"", ""solution""], ""max_score"": 10}"
ex_content_243,content_243,Sample solution steps for Programming - python Level 3,"Accuracy: 5, Steps: 3, Clarity: 2","{""keywords"": [""correct"", ""solution""], ""max_score"": 10}"
ex_content_244,content_244,Sample solution steps for Communication - writing Level 1,"Accuracy: 5, Steps: 3, Clarity: 2","{""keywords"": [""correct"", ""solution""], ""max_score"": 10}"
ex_content_245,content_245,Sample solution steps for Aptitude - verbal Level 3,"Accuracy: 5, Steps: 3, Clarity: 2","{""keywords"": [""correct"", ""solution""], ""max_score"": 10}"
ex_content_246,content_246,Sample solution steps for Programming - algorithms Level 1,"Accuracy: 5, Steps: 3, Clarity: 2","{""keywords"": [""correct"", ""solution""], ""max_score"": 10}"
ex_content_247,content_247,Sample solution steps for Chemistry - organic Level 2,"Accuracy: 5, Steps: 3, Clarity: 2","{""keywords"": [""correct"", ""solution""], ""max_score"": 10}"
ex_content_248,content_248,Sample solution steps for Physics - electricity Level 3,"Accuracy: 5, Steps: 3, Clarity: 2","{""keywords"": [""correct"", ""solution""], ""max_score"": 10}"
ex_content_249,content_249,Sample solution steps for Communication - speaking Level 2,"Accuracy: 5, Steps: 3, Clarity: 2","{""keywords"": [""correct"", ""solution""], ""max_score"": 10}"
ex_content_250,content_250,Sample solution steps for Communication - listening Level 3,"Accuracy: 5, Steps: 3, Clarity: 2","{""keywords"": [""correct"", ""solution""], ""max_score"": 10}"
ex_content_251,content_251,Sample solution steps for Programming - data_structures Level 3,"Accuracy: 5, Steps: 3, Clarity: 2","{""keywords"": [""correct"", ""solution""], ""max_score"": 10}"
ex_content_252,content_252,Sample solution steps for Physics - mechanics Level 3,"Accuracy: 5, Steps: 3, Clarity: 2","{""keywords"": [""correct"", ""solution""], ""max_score"": 10}"
ex_content_253,content_253,Sample solution steps for Programming - data_structures Level 3,"Accuracy: 5, Steps: 3, Clarity: 2","{""keywords"": [""correct"", ""solution""], ""max_score"": 10}"
ex_content_254,content_254,Sample solution steps for Mathematics - algebra Level 1,"Accuracy: 5, Steps: 3, Clarity: 2","{""keywords"": [""correct"", ""solution""], ""max_score"": 10}"
ex_content_255,content_255,Sample solution steps for Mathematics - algebra Level 2,"Accuracy: 5, Steps: 3, Clarity: 2","{""keywords"": [""correct"", ""solution""], ""max_score"": 10}"
ex_content_256,content_256,Sample solution steps for Communication - writing Level 1,"Accuracy: 5, Steps: 3, Clarity: 2","{""keywords"": [""correct"", ""solution""], ""max_score"": 10}"
ex_content_257,content_257,Sample solution steps for Physics - mechanics Level 1,"Accuracy: 5, Steps: 3, Clarity: 2","{""keywords"": [""correct"", ""solution""], ""max_score"": 10}"
ex_content_258,content_258,Sample solution steps for Programming - algorithms Level 1,"Accuracy: 5, Steps: 3, Clarity: 2","{""keywords"": [""correct"", ""solution""], ""max_score"": 10}"
ex_content_259,content_259,Sample solution steps for Communication - listening Level 3,"Accuracy: 5, Steps: 3, Clarity: 2","{""keywords"": [""correct"", ""solution""], ""max_score"": 10}"
ex_content_260,content_260,Sample solution steps for Communication - speaking Level 1,"Accuracy: 5, Steps: 3, Clarity: 2","{""keywords"": [""correct"", ""solution""], ""max_score"": 10}"
ex_content_261,content_261,Sample solution steps for Aptitude - verbal Level 2,"Accuracy: 5, Steps: 3, Clarity: 2","{""keywords"": [""correct"", ""solution""], ""max_score"": 10}"
ex_content_262,content_262,Sample solution steps for Mathematics - calculus Level 3,"Accuracy: 5, Steps: 3, Clarity: 2","{""keywords"": [""correct"", ""solution""], ""max_score"": 10}"
ex_content_263,content_263,Sample solution steps for Mathematics - probability Level 1,"Accuracy: 5, Steps: 3, Clarity: 2","{""keywords"": [""correct"", ""solution""], ""max_score"": 10}"
ex_content_264,content_264,Sample solution steps for Mathematics - geometry Level 1,"Accuracy: 5, Steps: 3, Clarity: 2","{""keywords"": [""correct"", ""solution""], ""max_score"": 10}"
ex_content_265,content_265,Sample solution steps for Aptitude - verbal Level 2,"Accuracy: 5, Steps: 3, Clarity: 2","{""keywords"": [""correct"", ""solution""], ""max_score"": 10}"
ex_content_266,content_266,Sample solution steps for Chemistry - inorganic Level 1,"Accuracy: 5, Steps: 3, Clarity: 2","{""keywords"": [""correct"", ""solution""], ""max_score"": 10}"
ex_content_267,content_267,Sample solution steps for Programming - web_dev Level 3,"Accuracy: 5, Steps: 3, Clarity: 2","{""keywords"": [""correct"", ""solution""], ""max_score"": 10}"
ex_content_268,content_268,Sample solution steps for Communication - writing Level 2,"Accuracy: 5, Steps: 3, Clarity: 2","{""keywords"": [""correct"", ""solution""], ""max_score"": 10}"
ex_content_269,content_269,Sample solution steps for Mathematics - algebra Level 1,"Accuracy: 5, Steps: 3, Clarity: 2","{""keywords"": [""correct"", ""solution""], ""max_score"": 10}"
ex_content_270,content_270,Sample solution steps for Programming - web_dev Level 3,"Accuracy: 5, Steps: 3, Clarity: 2","{""keywords"": [""correct"", ""solution""], ""max_score"": 10}"
ex_content_271,content_271,Sample solution steps for Mathematics - algebra Level 3,"Accuracy: 5, Steps: 3, Clarity: 2","{""keywords"": [""correct"", ""solution""], ""max_score"": 10}"
ex_content_272,content_272,Sample solution steps for Mathematics - probability Level 2,"Accuracy: 5, Steps: 3, Clarity: 2","{""keywords"": [""correct"", ""solution""], ""max_score"": 10}"
ex_content_273,content_273,Sample solution steps for Chemistry - physical Level 1,"Accuracy: 5, Steps: 3, Clarity: 2","{""keywords"": [""correct"", ""solution""], ""max_score"": 10}"
ex_content_274,content_274,Sample solution steps for Mathematics - geometry Level 1,"Accuracy: 5, Steps: 3, Clarity: 2","{""keywords"": [""correct"", ""solution""], ""max_score"": 10}"
ex_content_275,content_275,Sample solution steps for Aptitude - numerical Level 2,"Accuracy: 5, Steps: 3, Clarity: 2","{""keywords"": [""correct"", ""solution""], ""max_score"": 10}"
ex_content_276,content_276,Sample solution steps for Mathematics - calculus Level 3,"Accuracy: 5, Steps: 3, Clarity: 2","{""keywords"": [""correct"", ""solution""], ""max_score"": 10}"
ex_content_277,content_277,Sample solution steps for Communication - writing Level 1,"Accuracy: 5, Steps: 3, Clarity: 2","{""keywords"": [""correct"", ""solution""], ""max_score"": 10}"
ex_content_278,content_278,Sample solution steps for Mathematics - geometry Level 3,"Accuracy: 5, Steps: 3, Clarity: 2","{""keywords"": [""correct"", ""solution""], ""max_score"": 10}"
ex_content_279,content_279,Sample solution steps for Communication - speaking Level 1,"Accuracy: 5, Steps: 3, Clarity: 2","{""keywords"": [""correct"", ""solution""], ""max_score"": 10}"
ex_content_280,content_280,Sample solution steps for Physics - thermodynamics Level 1,"Accuracy: 5, Steps: 3, Clarity: 2","{""keywords"": [""correct"", ""solution""], ""max_score"": 10}"
ex_content_281,content_281,Sample solution steps for Programming - algorithms Level 2,"Accuracy: 5, Steps: 3, Clarity: 2","{""keywords"": [""correct"", ""solution""], ""max_score"": 10}"
ex_content_282,content_282,Sample solution steps for Physics - thermodynamics Level 3,"Accuracy: 5, Steps: 3, Clarity: 2","{""keywords"": [""correct"", ""solution""], ""max_score"": 10}"
ex_content_283,content_283,Sample solution steps for Aptitude - verbal Level 2,"Accuracy: 5, Steps: 3, Clarity: 2","{""keywords"": [""correct"", ""solution""], ""max_score"": 10}"
ex_content_284,content_284,Sample solution steps for Mathematics - probability Level 1,"Accuracy: 5, Steps: 3, Clarity: 2","{""keywords"": [""correct"", ""solution""], ""max_score"": 10}"
ex_content_285,content_285,Sample solution steps for Chemistry - physical Level 3,"Accuracy: 5, Steps: 3, Clarity: 2","{""keywords"": [""correct"", ""solution""], ""max_score"": 10}"
ex_content_286,content_286,Sample solution steps for Programming - algorithms Level 1,"Accuracy: 5, Steps: 3, Clarity: 2","{""keywords"": [""correct"", ""solution""], ""max_score"": 10}"
ex_content_287,content_287,Sample solution steps for Chemistry - inorganic Level 2,"Accuracy: 5, Steps: 3, Clarity: 2","{""keywords"": [""correct"", ""solution""], ""max_score"": 10}"
ex_content_288,content_288,Sample solution steps for Chemistry - physical Level 2,"Accuracy: 5, Steps: 3, Clarity: 2","{""keywords"": [""correct"", ""solution""], ""max_score"": 10}"
ex_content_289,content_289,Sample solution steps for Physics - thermodynamics Level 3,"Accuracy: 5, Steps: 3, Clarity: 2","{""keywords"": [""correct"", ""solution""], ""max_score"": 10}"
ex_content_290,content_290,Sample solution steps for Programming - python Level 3,"Accuracy: 5, Steps: 3, Clarity: 2","{""keywords"": [""correct"", ""solution""], ""max_score"": 10}"
ex_content_291,content_291,Sample solution steps for Physics - thermodynamics Level 1,"Accuracy: 5, Steps: 3, Clarity: 2","{""keywords"": [""correct"", ""solution""], ""max_score"": 10}"
ex_content_292,content_292,Sample solution steps for Chemistry - organic Level 2,"Accuracy: 5, Steps: 3, Clarity: 2","{""keywords"": [""correct"", ""solution""], ""max_score"": 10}"
ex_content_293,content_293,Sample solution steps for Communication - writing Level 3,"Accuracy: 5, Steps: 3, Clarity: 2","{""keywords"": [""correct"", ""solution""], ""max_score"": 10}"
ex_content_294,content_294,Sample solution steps for Chemistry - inorganic Level 1,"Accuracy: 5, Steps: 3, Clarity: 2","{""keywords"": [""correct"", ""solution""], ""max_score"": 10}"
ex_content_295,content_295,Sample solution steps for Mathematics - calculus Level 2,"Accuracy: 5, Steps: 3, Clarity: 2","{""keywords"": [""correct"", ""solution""], ""max_score"": 10}"
ex_content_296,content_296,Sample solution steps for Chemistry - organic Level 1,"Accuracy: 5, Steps: 3, Clarity: 2","{""keywords"": [""correct"", ""solution""], ""max_score"": 10}"
ex_content_297,content_297,Sample solution steps for Physics - electricity Level 2,"Accuracy: 5, Steps: 3, Clarity: 2","{""keywords"": [""correct"", ""solution""], ""max_score"": 10}"
ex_content_298,content_298,Sample solution steps for Aptitude - verbal Level 2,"Accuracy: 5, Steps: 3, Clarity: 2","{""keywords"": [""correct"", ""solution""], ""max_score"": 10}"
ex_content_299,content_299,Sample solution steps for Mathematics - algebra Level 2,"Accuracy: 5, Steps: 3, Clarity: 2","{""keywords"": [""correct"", ""solution""], ""max_score"": 10}"
ex_content_300,content_300,Sample solution steps for Mathematics - calculus Level 2,"Accuracy: 5, Steps: 3, Clarity: 2","{""keywords"": [""correct"", ""solution""], ""max_score"": 10}"
ex_content_301,content_301,Sample solution steps for Chemistry - inorganic Level 2,"Accuracy: 5, Steps: 3, Clarity: 2","{""keywords"": [""correct"", ""solution""], ""max_score"": 10}"
ex_content_302,content_302,Sample solution steps for Communication - listening Level 1,"Accuracy: 5, Steps: 3, Clarity: 2","{""keywords"": [""correct"", ""solution""], ""max_score"": 10}"
ex_content_303,content_303,Sample solution steps for Aptitude - logical_reasoning Level 3,"Accuracy: 5, Steps: 3, Clarity: 2","{""keywords"": [""correct"", ""solution""], ""max_score"": 10}"
ex_content_304,content_304,Sample solution steps for Physics - mechanics Level 2,"Accuracy: 5, Steps: 3, Clarity: 2","{""keywords"": [""correct"", ""solution""], ""max_score"": 10}"
ex_content_305,content_305,Sample solution steps for Chemistry - inorganic Level 1,"Accuracy: 5, Steps: 3, Clarity: 2","{""keywords"": [""correct"", ""solution""], ""max_score"": 10}"
ex_content_306,content_306,Sample solution steps for Physics - electricity Level 2,"Accuracy: 5, Steps: 3, Clarity: 2","{""keywords"": [""correct"", ""solution""], ""max_score"": 10}"
ex_content_307,content_307,Sample solution steps for Chemistry - inorganic Level 1,"Accuracy: 5, Steps: 3, Clarity: 2","{""keywords"": [""correct"", ""solution""], ""max_score"": 10}"
ex_content_308,content_308,Sample solution steps for Chemistry - organic Level 3,"Accuracy: 5, Steps: 3, Clarity: 2","{""keywords"": [""correct"", ""solution""], ""max_score"": 10}"
ex_content_309,content_309,Sample solution steps for Programming - data_structures Level 2,"Accuracy: 5, Steps: 3, Clarity: 2","{""keywords"": [""correct"", ""solution""], ""max_score"": 10}"
ex_content_310,content_310,Sample solution steps for Physics - electricity Level 1,"Accuracy: 5, Steps: 3, Clarity: 2","{""keywords"": [""correct"", ""solution""], ""max_score"": 10}"
ex_content_311,content_311,Sample solution steps for Chemistry - physical Level 2,"Accuracy: 5, Steps: 3, Clarity: 2","{""keywords"": [""correct"", ""solution""], ""max_score"": 10}"
ex_content_312,content_312,Sample solution steps for Programming - algorithms Level 2,"Accuracy: 5, Steps: 3, Clarity: 2","{""keywords"": [""correct"", ""solution""], ""max_score"": 10}"
ex_content_313,content_313,Sample solution steps for Aptitude - logical_reasoning Level 2,"Accuracy: 5, Steps: 3, Clarity: 2","{""keywords"": [""correct"", ""solution""], ""max_score"": 10}"
ex_content_314,content_314,Sample solution steps for Aptitude - verbal Level 1,"Accuracy: 5, Steps: 3, Clarity: 2","{""keywords"": [""correct"", ""solution""], ""max_score"": 10}"
ex_content_315,content_315,Sample solution steps for Chemistry - organic Level 2,"Accuracy: 5, Steps: 3, Clarity: 2","{""keywords"": [""correct"", ""solution""], ""max_score"": 10}"
ex_content_316,content_316,Sample solution steps for Chemistry - physical Level 3,"Accuracy: 5, Steps: 3, Clarity: 2","{""keywords"": [""correct"", ""solution""], ""max_score"": 10}"
ex_content_317,content_317,Sample solution steps for Programming - data_structures Level 2,"Accuracy: 5, Steps: 3, Clarity: 2","{""keywords"": [""correct"", ""solution""], ""max_score"": 10}"
ex_content_318,content_318,Sample solution steps for Chemistry - inorganic Level 2,"Accuracy: 5, Steps: 3, Clarity: 2","{""keywords"": [""correct"", ""solution""], ""max_score"": 10}"
ex_content_319,content_319,Sample solution steps for Aptitude - logical_reasoning Level 3,"Accuracy: 5, Steps: 3, Clarity: 2","{""keywords"": [""correct"", ""solution""], ""max_score"": 10}"
ex_content_320,content_320,Sample solution steps for Physics - thermodynamics Level 3,"Accuracy: 5, Steps: 3, Clarity: 2","{""keywords"": [""correct"", ""solution""], ""max_score"": 10}"
ex_content_321,content_321,Sample solution steps for Communication - speaking Level 3,"Accuracy: 5, Steps: 3, Clarity: 2","{""keywords"": [""correct"", ""solution""], ""max_score"": 10}"
ex_content_322,content_322,Sample solution steps for Programming - algorithms Level 3,"Accuracy: 5, Steps: 3, Clarity: 2","{""keywords"": [""correct"", ""solution""], ""max_score"": 10}"
ex_content_323,content_323,Sample solution steps for Programming - web_dev Level 1,"Accuracy: 5, Steps: 3, Clarity: 2","{""keywords"": [""correct"", ""solution""], ""max_score"": 10}"
ex_content_324,content_324,Sample solution steps for Chemistry - organic Level 2,"Accuracy: 5, Steps: 3, Clarity: 2","{""keywords"": [""correct"", ""solution""], ""max_score"": 10}"
ex_content_325,content_325,Sample solution steps for Physics - thermodynamics Level 2,"Accuracy: 5, Steps: 3, Clarity: 2","{""keywords"": [""correct"", ""solution""], ""max_score"": 10}"
ex_content_326,content_326,Sample solution steps for Mathematics - probability Level 3,"Accuracy: 5, Steps: 3, Clarity: 2","{""keywords"": [""correct"", ""solution""], ""max_score"": 10}"
ex_content_327,content_327,Sample solution steps for Aptitude - numerical Level 3,"Accuracy: 5, Steps: 3, Clarity: 2","{""keywords"": [""correct"", ""solution""], ""max_score"": 10}"
ex_content_328,content_328,Sample solution steps for Communication - speaking Level 3,"Accuracy: 5, Steps: 3, Clarity: 2","{""keywords"": [""correct"", ""solution""], ""max_score"": 10}"
ex_content_329,content_329,Sample solution steps for Chemistry - physical Level 3,"Accuracy: 5, Steps: 3, Clarity: 2","{""keywords"": [""correct"", ""solution""], ""max_score"": 10}"
ex_content_330,content_330,Sample solution steps for Communication - writing Level 1,"Accuracy: 5, Steps: 3, Clarity: 2","{""keywords"": [""correct"", ""solution""], ""max_score"": 10}"
ex_content_331,content_331,Sample solution steps for Communication - listening Level 2,"Accuracy: 5, Steps: 3, Clarity: 2","{""keywords"": [""correct"", ""solution""], ""max_score"": 10}"
ex_content_332,content_332,Sample solution steps for Communication - listening Level 1,"Accuracy: 5, Steps: 3, Clarity: 2","{""keywords"": [""correct"", ""solution""], ""max_score"": 10}"
ex_content_333,content_333,Sample solution steps for Communication - listening Level 3,"Accuracy: 5, Steps: 3, Clarity: 2","{""keywords"": [""correct"", ""solution""], ""max_score"": 10}"
ex_content_334,content_334,Sample solution steps for Chemistry - inorganic Level 1,"Accuracy: 5, Steps: 3, Clarity: 2","{""keywords"": [""correct"", ""solution""], ""max_score"": 10}"
ex_content_335,content_335,Sample solution steps for Mathematics - calculus Level 1,"Accuracy: 5, Steps: 3, Clarity: 2","{""keywords"": [""correct"", ""solution""], ""max_score"": 10}"
ex_content_336,content_336,Sample solution steps for Communication - listening Level 3,"Accuracy: 5, Steps: 3, Clarity: 2","{""keywords"": [""correct"", ""solution""], ""max_score"": 10}"
ex_content_337,content_337,Sample solution steps for Communication - listening Level 1,"Accuracy: 5, Steps: 3, Clarity: 2","{""keywords"": [""correct"", ""solution""], ""max_score"": 10}"
ex_content_338,content_338,Sample solution steps for Chemistry - inorganic Level 2,"Accuracy: 5, Steps: 3, Clarity: 2","{""keywords"": [""correct"", ""solution""], ""max_score"": 10}"
ex_content_339,content_339,Sample solution steps for Aptitude - verbal Level 3,"Accuracy: 5, Steps: 3, Clarity: 2","{""keywords"": [""correct"", ""solution""], ""max_score"": 10}"
ex_content_340,content_340,Sample solution steps for Chemistry - organic Level 2,"Accuracy: 5, Steps: 3, Clarity: 2","{""keywords"": [""correct"", ""solution""], ""max_score"": 10}"
ex_content_341,content_341,Sample solution steps for Chemistry - inorganic Level 1,"Accuracy: 5, Steps: 3, Clarity: 2","{""keywords"": [""correct"", ""solution""], ""max_score"": 10}"
ex_content_342,content_342,Sample solution steps for Communication - writing Level 2,"Accuracy: 5, Steps: 3, Clarity: 2","{""keywords"": [""correct"", ""solution""], ""max_score"": 10}"
ex_content_343,content_343,Sample solution steps for Chemistry - inorganic Level 1,"Accuracy: 5, Steps: 3, Clarity: 2","{""keywords"": [""correct"", ""solution""], ""max_score"": 10}"
ex_content_344,content_344,Sample solution steps for Programming - algorithms Level 2,"Accuracy: 5, Steps: 3, Clarity: 2","{""keywords"": [""correct"", ""solution""], ""max_score"": 10}"
ex_content_345,content_345,Sample solution steps for Programming - web_dev Level 2,"Accuracy: 5, Steps: 3, Clarity: 2","{""keywords"": [""correct"", ""solution""], ""max_score"": 10}"
ex_content_346,content_346,Sample solution steps for Chemistry - organic Level 3,"Accuracy: 5, Steps: 3, Clarity: 2","{""keywords"": [""correct"", ""solution""], ""max_score"": 10}"
ex_content_347,content_347,Sample solution steps for Mathematics - calculus Level 3,"Accuracy: 5, Steps: 3, Clarity: 2","{""keywords"": [""correct"", ""solution""], ""max_score"": 10}"
ex_content_348,content_348,Sample solution steps for Communication - writing Level 3,"Accuracy: 5, Steps: 3, Clarity: 2","{""keywords"": [""correct"", ""solution""], ""max_score"": 10}"
ex_content_349,content_349,Sample solution steps for Aptitude - logical_reasoning Level 3,"Accuracy: 5, Steps: 3, Clarity: 2","{""keywords"": [""correct"", ""solution""], ""max_score"": 10}"
ex_content_350,content_350,Sample solution steps for Chemistry - physical Level 2,"Accuracy: 5, Steps: 3, Clarity: 2","{""keywords"": [""correct"", ""solution""], ""max_score"": 10}"
ex_content_351,content_351,Sample solution steps for Physics - electricity Level 3,"Accuracy: 5, Steps: 3, Clarity: 2","{""keywords"": [""correct"", ""solution""], ""max_score"": 10}"
ex_content_352,content_352,Sample solution steps for Physics - thermodynamics Level 3,"Accuracy: 5, Steps: 3, Clarity: 2","{""keywords"": [""correct"", ""solution""], ""max_score"": 10}"
ex_content_353,content_353,Sample solution steps for Programming - python Level 3,"Accuracy: 5, Steps: 3, Clarity: 2","{""keywords"": [""correct"", ""solution""], ""max_score"": 10}"
ex_content_354,content_354,Sample solution steps for Physics - electricity Level 3,"Accuracy: 5, Steps: 3, Clarity: 2","{""keywords"": [""correct"", ""solution""], ""max_score"": 10}"
ex_content_355,content_355,Sample solution steps for Programming - python Level 3,"Accuracy: 5, Steps: 3, Clarity: 2","{""keywords"": [""correct"", ""solution""], ""max_score"": 10}"
ex_content_356,content_356,Sample solution steps for Physics - electricity Level 3,"Accuracy: 5, Steps: 3, Clarity: 2","{""keywords"": [""correct"", ""solution""], ""max_score"": 10}"
ex_content_357,content_357,Sample solution steps for Aptitude - logical_reasoning Level 3,"Accuracy: 5, Steps: 3, Clarity: 2","{""keywords"": [""correct"", ""solution""], ""max_score"": 10}"
ex_content_358,content_358,Sample solution steps for Chemistry - inorganic Level 1,"Accuracy: 5, Steps: 3, Clarity: 2","{""keywords"": [""correct"", ""solution""], ""max_score"": 10}"
ex_content_359,content_359,Sample solution steps for Mathematics - calculus Level 3,"Accuracy: 5, Steps: 3, Clarity: 2","{""keywords"": [""correct"", ""solution""], ""max_score"": 10}"
ex_content_360,content_360,Sample solution steps for Aptitude - verbal Level 2,"Accuracy: 5, Steps: 3, Clarity: 2","{""keywords"": [""correct"", ""solution""], ""max_score"": 10}"
ex_content_361,content_361,Sample solution steps for Programming - web_dev Level 3,"Accuracy: 5, Steps: 3, Clarity: 2","{""keywords"": [""correct"", ""solution""], ""max_score"": 10}"
ex_content_362,content_362,Sample solution steps for Chemistry - inorganic Level 2,"Accuracy: 5, Steps: 3, Clarity: 2","{""keywords"": [""correct"", ""solution""], ""max_score"": 10}"
ex_content_363,content_363,Sample solution steps for Physics - thermodynamics Level 3,"Accuracy: 5, Steps: 3, Clarity: 2","{""keywords"": [""correct"", ""solution""], ""max_score"": 10}"
ex_content_364,content_364,Sample solution steps for Aptitude - verbal Level 1,"Accuracy: 5, Steps: 3, Clarity: 2","{""keywords"": [""correct"", ""solution""], ""max_score"": 10}"
ex_content_365,content_365,Sample solution steps for Physics - electricity Level 1,"Accuracy: 5, Steps: 3, Clarity: 2","{""keywords"": [""correct"", ""solution""], ""max_score"": 10}"
ex_content_366,content_366,Sample solution steps for Chemistry - organic Level 1,"Accuracy: 5, Steps: 3, Clarity: 2","{""keywords"": [""correct"", ""solution""], ""max_score"": 10}"
ex_content_367,content_367,Sample solution steps for Communication - writing Level 3,"Accuracy: 5, Steps: 3, Clarity: 2","{""keywords"": [""correct"", ""solution""], ""max_score"": 10}"
ex_content_368,content_368,Sample solution steps for Programming - data_structures Level 3,"Accuracy: 5, Steps: 3, Clarity: 2","{""keywords"": [""correct"", ""solution""], ""max_score"": 10}"
ex_content_369,content_369,Sample solution steps for Programming - data_structures Level 2,"Accuracy: 5, Steps: 3, Clarity: 2","{""keywords"": [""correct"", ""solution""], ""max_score"": 10}"
ex_content_370,content_370,Sample solution steps for Aptitude - verbal Level 3,"Accuracy: 5, Steps: 3, Clarity: 2","{""keywords"": [""correct"", ""solution""], ""max_score"": 10}"
ex_content_371,content_371,Sample solution steps for Aptitude - logical_reasoning Level 2,"Accuracy: 5, Steps: 3, Clarity: 2","{""keywords"": [""correct"", ""solution""], ""max_score"": 10}"
ex_content_372,content_372,Sample solution steps for Physics - mechanics Level 2,"Accuracy: 5, Steps: 3, Clarity: 2","{""keywords"": [""correct"", ""solution""], ""max_score"": 10}"
ex_content_373,content_373,Sample solution steps for Aptitude - logical_reasoning Level 2,"Accuracy: 5, Steps: 3, Clarity: 2","{""keywords"": [""correct"", ""solution""], ""max_score"": 10}"
ex_content_374,content_374,Sample solution steps for Programming - data_structures Level 1,"Accuracy: 5, Steps: 3, Clarity: 2","{""keywords"": [""correct"", ""solution""], ""max_score"": 10}"
ex_content_375,content_375,Sample solution steps for Aptitude - verbal Level 3,"Accuracy: 5, Steps: 3, Clarity: 2","{""keywords"": [""correct"", ""solution""], ""max_score"": 10}"
ex_content_376,content_376,Sample solution steps for Programming - web_dev Level 2,"Accuracy: 5, Steps: 3, Clarity: 2","{""keywords"": [""correct"", ""solution""], ""max_score"": 10}"
ex_content_377,content_377,Sample solution steps for Programming - web_dev Level 1,"Accuracy: 5, Steps: 3, Clarity: 2","{""keywords"": [""correct"", ""solution""], ""max_score"": 10}"
ex_content_378,content_378,Sample solution steps for Aptitude - logical_reasoning Level 1,"Accuracy: 5, Steps: 3, Clarity: 2","{""keywords"": [""correct"", ""solution""], ""max_score"": 10}"
ex_content_379,content_379,Sample solution steps for Mathematics - calculus Level 1,"Accuracy: 5, Steps: 3, Clarity: 2","{""keywords"": [""correct"", ""solution""], ""max_score"": 10}"
ex_content_380,content_380,Sample solution steps for Chemistry - organic Level 2,"Accuracy: 5, Steps: 3, Clarity: 2","{""keywords"": [""correct"", ""solution""], ""max_score"": 10}"
ex_content_381,content_381,Sample solution steps for Communication - speaking Level 3,"Accuracy: 5, Steps: 3, Clarity: 2","{""keywords"": [""correct"", ""solution""], ""max_score"": 10}"
ex_content_382,content_382,Sample solution steps for Mathematics - algebra Level 2,"Accuracy: 5, Steps: 3, Clarity: 2","{""keywords"": [""correct"", ""solution""], ""max_score"": 10}"
ex_content_383,content_383,Sample solution steps for Chemistry - physical Level 1,"Accuracy: 5, Steps: 3, Clarity: 2","{""keywords"": [""correct"", ""solution""], ""max_score"": 10}"
ex_content_384,content_384,Sample solution steps for Programming - data_structures Level 2,"Accuracy: 5, Steps: 3, Clarity: 2","{""keywords"": [""correct"", ""solution""], ""max_score"": 10}"
ex_content_385,content_385,Sample solution steps for Communication - listening Level 1,"Accuracy: 5, Steps: 3, Clarity: 2","{""keywords"": [""correct"", ""solution""], ""max_score"": 10}"
ex_content_386,content_386,Sample solution steps for Mathematics - probability Level 2,"Accuracy: 5, Steps: 3, Clarity: 2","{""keywords"": [""correct"", ""solution""], ""max_score"": 10}"
ex_content_387,content_387,Sample solution steps for Mathematics - probability Level 1,"Accuracy: 5, Steps: 3, Clarity: 2","{""keywords"": [""correct"", ""solution""], ""max_score"": 10}"
ex_content_388,content_388,Sample solution steps for Physics - thermodynamics Level 3,"Accuracy: 5, Steps: 3, Clarity: 2","{""keywords"": [""correct"", ""solution""], ""max_score"": 10}"
ex_content_389,content_389,Sample solution steps for Chemistry - physical Level 3,"Accuracy: 5, Steps: 3, Clarity: 2","{""keywords"": [""correct"", ""solution""], ""max_score"": 10}"
ex_content_390,content_390,Sample solution steps for Programming - data_structures Level 3,"Accuracy: 5, Steps: 3, Clarity: 2","{""keywords"": [""correct"", ""solution""], ""max_score"": 10}"
ex_content_391,content_391,Sample solution steps for Physics - mechanics Level 1,"Accuracy: 5, Steps: 3, Clarity: 2","{""keywords"": [""correct"", ""solution""], ""max_score"": 10}"
ex_content_392,content_392,Sample solution steps for Chemistry - physical Level 2,"Accuracy: 5, Steps: 3, Clarity: 2","{""keywords"": [""correct"", ""solution""], ""max_score"": 10}"
ex_content_393,content_393,Sample solution steps for Aptitude - logical_reasoning Level 2,"Accuracy: 5, Steps: 3, Clarity: 2","{""keywords"": [""correct"", ""solution""], ""max_score"": 10}"
ex_content_394,content_394,Sample solution steps for Chemistry - inorganic Level 3,"Accuracy: 5, Steps: 3, Clarity: 2","{""keywords"": [""correct"", ""solution""], ""max_score"": 10}"
ex_content_395,content_395,Sample solution steps for Aptitude - verbal Level 1,"Accuracy: 5, Steps: 3, Clarity: 2","{""keywords"": [""correct"", ""solution""], ""max_score"": 10}"
ex_content_396,content_396,Sample solution steps for Programming - python Level 2,"Accuracy: 5, Steps: 3, Clarity: 2","{""keywords"": [""correct"", ""solution""], ""max_score"": 10}"
ex_content_397,content_397,Sample solution steps for Physics - thermodynamics Level 1,"Accuracy: 5, Steps: 3, Clarity: 2","{""keywords"": [""correct"", ""solution""], ""max_score"": 10}"
ex_content_398,content_398,Sample solution steps for Physics - thermodynamics Level 2,"Accuracy: 5, Steps: 3, Clarity: 2","{""keywords"": [""correct"", ""solution""], ""max_score"": 10}"
ex_content_399,content_399,Sample solution steps for Communication - speaking Level 2,"Accuracy: 5, Steps: 3, Clarity: 2","{""keywords"": [""correct"", ""solution""], ""max_score"": 10}"
ex_content_400,content_400,Sample solution steps for Aptitude - verbal Level 2,"Accuracy: 5, Steps: 3, Clarity: 2","{""keywords"": [""correct"", ""solution""], ""max_score"": 10}"
ex_content_401,content_401,Sample solution steps for Programming - web_dev Level 2,"Accuracy: 5, Steps: 3, Clarity: 2","{""keywords"": [""correct"", ""solution""], ""max_score"": 10}"
ex_content_402,content_402,Sample solution steps for Communication - writing Level 2,"Accuracy: 5, Steps: 3, Clarity: 2","{""keywords"": [""correct"", ""solution""], ""max_score"": 10}"
ex_content_403,content_403,Sample solution steps for Communication - speaking Level 3,"Accuracy: 5, Steps: 3, Clarity: 2","{""keywords"": [""correct"", ""solution""], ""max_score"": 10}"
ex_content_404,content_404,Sample solution steps for Programming - web_dev Level 2,"Accuracy: 5, Steps: 3, Clarity: 2","{""keywords"": [""correct"", ""solution""], ""max_score"": 10}"
ex_content_405,content_405,Sample solution steps for Mathematics - algebra Level 3,"Accuracy: 5, Steps: 3, Clarity: 2","{""keywords"": [""correct"", ""solution""], ""max_score"": 10}"
ex_content_406,content_406,Sample solution steps for Communication - listening Level 3,"Accuracy: 5, Steps: 3, Clarity: 2","{""keywords"": [""correct"", ""solution""], ""max_score"": 10}"
ex_content_407,content_407,Sample solution steps for Mathematics - probability Level 1,"Accuracy: 5, Steps: 3, Clarity: 2","{""keywords"": [""correct"", ""solution""], ""max_score"": 10}"
ex_content_408,content_408,Sample solution steps for Physics - electricity Level 2,"Accuracy: 5, Steps: 3, Clarity: 2","{""keywords"": [""correct"", ""solution""], ""max_score"": 10}"
ex_content_409,content_409,Sample solution steps for Chemistry - inorganic Level 3,"Accuracy: 5, Steps: 3, Clarity: 2","{""keywords"": [""correct"", ""solution""], ""max_score"": 10}"
ex_content_410,content_410,Sample solution steps for Physics - thermodynamics Level 2,"Accuracy: 5, Steps: 3, Clarity: 2","{""keywords"": [""correct"", ""solution""], ""max_score"": 10}"
ex_content_411,content_411,Sample solution steps for Communication - writing Level 1,"Accuracy: 5, Steps: 3, Clarity: 2","{""keywords"": [""correct"", ""solution""], ""max_score"": 10}"
ex_content_412,content_412,Sample solution steps for Communication - speaking Level 1,"Accuracy: 5, Steps: 3, Clarity: 2","{""keywords"": [""correct"", ""solution""], ""max_score"": 10}"
ex_content_413,content_413,Sample solution steps for Physics - electricity Level 2,"Accuracy: 5, Steps: 3, Clarity: 2","{""keywords"": [""correct"", ""solution""], ""max_score"": 10}"
ex_content_414,content_414,Sample solution steps for Programming - data_structures Level 3,"Accuracy: 5, Steps: 3, Clarity: 2","{""keywords"": [""correct"", ""solution""], ""max_score"": 10}"
ex_content_415,content_415,Sample solution steps for Communication - speaking Level 1,"Accuracy: 5, Steps: 3, Clarity: 2","{""keywords"": [""correct"", ""solution""], ""max_score"": 10}"
ex_content_416,content_416,Sample solution steps for Mathematics - calculus Level 2,"Accuracy: 5, Steps: 3, Clarity: 2","{""keywords"": [""correct"", ""solution""], ""max_score"": 10}"
ex_content_417,content_417,Sample solution steps for Chemistry - physical Level 3,"Accuracy: 5, Steps: 3, Clarity: 2","{""keywords"": [""correct"", ""solution""], ""max_score"": 10}"
ex_content_418,content_418,Sample solution steps for Mathematics - probability Level 3,"Accuracy: 5, Steps: 3, Clarity: 2","{""keywords"": [""correct"", ""solution""], ""max_score"": 10}"
ex_content_419,content_419,Sample solution steps for Communication - listening Level 1,"Accuracy: 5, Steps: 3, Clarity: 2","{""keywords"": [""correct"", ""solution""], ""max_score"": 10}"
ex_content_420,content_420,Sample solution steps for Communication - writing Level 3,"Accuracy: 5, Steps: 3, Clarity: 2","{""keywords"": [""correct"", ""solution""], ""max_score"": 10}"
ex_content_421,content_421,Sample solution steps for Mathematics - geometry Level 2,"Accuracy: 5, Steps: 3, Clarity: 2","{""keywords"": [""correct"", ""solution""], ""max_score"": 10}"
ex_content_422,content_422,Sample solution steps for Physics - thermodynamics Level 1,"Accuracy: 5, Steps: 3, Clarity: 2","{""keywords"": [""correct"", ""solution""], ""max_score"": 10}"
ex_content_423,content_423,Sample solution steps for Communication - speaking Level 1,"Accuracy: 5, Steps: 3, Clarity: 2","{""keywords"": [""correct"", ""solution""], ""max_score"": 10}"
ex_content_424,content_424,Sample solution steps for Communication - speaking Level 1,"Accuracy: 5, Steps: 3, Clarity: 2","{""keywords"": [""correct"", ""solution""], ""max_score"": 10}"
ex_content_425,content_425,Sample solution steps for Communication - writing Level 2,"Accuracy: 5, Steps: 3, Clarity: 2","{""keywords"": [""correct"", ""solution""], ""max_score"": 10}"
ex_content_426,content_426,Sample solution steps for Physics - electricity Level 1,"Accuracy: 5, Steps: 3, Clarity: 2","{""keywords"": [""correct"", ""solution""], ""max_score"": 10}"
ex_content_427,content_427,Sample solution steps for Mathematics - algebra Level 2,"Accuracy: 5, Steps: 3, Clarity: 2","{""keywords"": [""correct"", ""solution""], ""max_score"": 10}"
ex_content_428,content_428,Sample solution steps for Chemistry - organic Level 2,"Accuracy: 5, Steps: 3, Clarity: 2","{""keywords"": [""correct"", ""solution""], ""max_score"": 10}"
ex_content_429,content_429,Sample solution steps for Communication - listening Level 1,"Accuracy: 5, Steps: 3, Clarity: 2","{""keywords"": [""correct"", ""solution""], ""max_score"": 10}"
ex_content_430,content_430,Sample solution steps for Aptitude - verbal Level 1,"Accuracy: 5, Steps: 3, Clarity: 2","{""keywords"": [""correct"", ""solution""], ""max_score"": 10}"
ex_content_431,content_431,Sample solution steps for Communication - writing Level 2,"Accuracy: 5, Steps: 3, Clarity: 2","{""keywords"": [""correct"", ""solution""], ""max_score"": 10}"
ex_content_432,content_432,Sample solution steps for Communication - writing Level 3,"Accuracy: 5, Steps: 3, Clarity: 2","{""keywords"": [""correct"", ""solution""], ""max_score"": 10}"
ex_content_433,content_433,Sample solution steps for Physics - electricity Level 3,"Accuracy: 5, Steps: 3, Clarity: 2","{""keywords"": [""correct"", ""solution""], ""max_score"": 10}"
ex_content_434,content_434,Sample solution steps for Programming - data_structures Level 1,"Accuracy: 5, Steps: 3, Clarity: 2","{""keywords"": [""correct"", ""solution""], ""max_score"": 10}"
ex_content_435,content_435,Sample solution steps for Physics - mechanics Level 3,"Accuracy: 5, Steps: 3, Clarity: 2","{""keywords"": [""correct"", ""solution""], ""max_score"": 10}"
ex_content_436,content_436,Sample solution steps for Programming - algorithms Level 2,"Accuracy: 5, Steps: 3, Clarity: 2","{""keywords"": [""correct"", ""solution""], ""max_score"": 10}"
ex_content_437,content_437,Sample solution steps for Physics - mechanics Level 2,"Accuracy: 5, Steps: 3, Clarity: 2","{""keywords"": [""correct"", ""solution""], ""max_score"": 10}"
ex_content_438,content_438,Sample solution steps for Mathematics - geometry Level 3,"Accuracy: 5, Steps: 3, Clarity: 2","{""keywords"": [""correct"", ""solution""], ""max_score"": 10}"
ex_content_439,content_439,Sample solution steps for Aptitude - verbal Level 3,"Accuracy: 5, Steps: 3, Clarity: 2","{""keywords"": [""correct"", ""solution""], ""max_score"": 10}"
ex_content_440,content_440,Sample solution steps for Communication - writing Level 3,"Accuracy: 5, Steps: 3, Clarity: 2","{""keywords"": [""correct"", ""solution""], ""max_score"": 10}"
ex_content_441,content_441,Sample solution steps for Physics - thermodynamics Level 3,"Accuracy: 5, Steps: 3, Clarity: 2","{""keywords"": [""correct"", ""solution""], ""max_score"": 10}"
ex_content_442,content_442,Sample solution steps for Physics - thermodynamics Level 2,"Accuracy: 5, Steps: 3, Clarity: 2","{""keywords"": [""correct"", ""solution""], ""max_score"": 10}"
ex_content_443,content_443,Sample solution steps for Communication - writing Level 1,"Accuracy: 5, Steps: 3, Clarity: 2","{""keywords"": [""correct"", ""solution""], ""max_score"": 10}"
ex_content_444,content_444,Sample solution steps for Programming - python Level 1,"Accuracy: 5, Steps: 3, Clarity: 2","{""keywords"": [""correct"", ""solution""], ""max_score"": 10}"
ex_content_445,content_445,Sample solution steps for Communication - listening Level 1,"Accuracy: 5, Steps: 3, Clarity: 2","{""keywords"": [""correct"", ""solution""], ""max_score"": 10}"
ex_content_446,content_446,Sample solution steps for Mathematics - calculus Level 2,"Accuracy: 5, Steps: 3, Clarity: 2","{""keywords"": [""correct"", ""solution""], ""max_score"": 10}"
ex_content_447,content_447,Sample solution steps for Programming - web_dev Level 2,"Accuracy: 5, Steps: 3, Clarity: 2","{""keywords"": [""correct"", ""solution""], ""max_score"": 10}"
ex_content_448,content_448,Sample solution steps for Communication - writing Level 2,"Accuracy: 5, Steps: 3, Clarity: 2","{""keywords"": [""correct"", ""solution""], ""max_score"": 10}"
ex_content_449,content_449,Sample solution steps for Mathematics - algebra Level 1,"Accuracy: 5, Steps: 3, Clarity: 2","{""keywords"": [""correct"", ""solution""], ""max_score"": 10}"
ex_content_450,content_450,Sample solution steps for Physics - mechanics Level 1,"Accuracy: 5, Steps: 3, Clarity: 2","{""keywords"": [""correct"", ""solution""], ""max_score"": 10}"
ex_content_451,content_451,Sample solution steps for Aptitude - numerical Level 3,"Accuracy: 5, Steps: 3, Clarity: 2","{""keywords"": [""correct"", ""solution""], ""max_score"": 10}"
ex_content_452,content_452,Sample solution steps for Aptitude - numerical Level 2,"Accuracy: 5, Steps: 3, Clarity: 2","{""keywords"": [""correct"", ""solution""], ""max_score"": 10}"
ex_content_453,content_453,Sample solution steps for Programming - python Level 3,"Accuracy: 5, Steps: 3, Clarity: 2","{""keywords"": [""correct"", ""solution""], ""max_score"": 10}"
ex_content_454,content_454,Sample solution steps for Aptitude - verbal Level 1,"Accuracy: 5, Steps: 3, Clarity: 2","{""keywords"": [""correct"", ""solution""], ""max_score"": 10}"
ex_content_455,content_455,Sample solution steps for Mathematics - calculus Level 1,"Accuracy: 5, Steps: 3, Clarity: 2","{""keywords"": [""correct"", ""solution""], ""max_score"": 10}"
ex_content_456,content_456,Sample solution steps for Physics - mechanics Level 3,"Accuracy: 5, Steps: 3, Clarity: 2","{""keywords"": [""correct"", ""solution""], ""max_score"": 10}"
ex_content_457,content_457,Sample solution steps for Programming - python Level 2,"Accuracy: 5, Steps: 3, Clarity: 2","{""keywords"": [""correct"", ""solution""], ""max_score"": 10}"
ex_content_458,content_458,Sample solution steps for Programming - data_structures Level 1,"Accuracy: 5, Steps: 3, Clarity: 2","{""keywords"": [""correct"", ""solution""], ""max_score"": 10}"
ex_content_459,content_459,Sample solution steps for Mathematics - probability Level 1,"Accuracy: 5, Steps: 3, Clarity: 2","{""keywords"": [""correct"", ""solution""], ""max_score"": 10}"
ex_content_460,content_460,Sample solution steps for Aptitude - verbal Level 1,"Accuracy: 5, Steps: 3, Clarity: 2","{""keywords"": [""correct"", ""solution""], ""max_score"": 10}"
ex_content_461,content_461,Sample solution steps for Communication - listening Level 3,"Accuracy: 5, Steps: 3, Clarity: 2","{""keywords"": [""correct"", ""solution""], ""max_score"": 10}"
ex_content_462,content_462,Sample solution steps for Physics - mechanics Level 1,"Accuracy: 5, Steps: 3, Clarity: 2","{""keywords"": [""correct"", ""solution""], ""max_score"": 10}"
ex_content_463,content_463,Sample solution steps for Physics - thermodynamics Level 1,"Accuracy: 5, Steps: 3, Clarity: 2","{""keywords"": [""correct"", ""solution""], ""max_score"": 10}"
ex_content_464,content_464,Sample solution steps for Programming - algorithms Level 3,"Accuracy: 5, Steps: 3, Clarity: 2","{""keywords"": [""correct"", ""solution""], ""max_score"": 10}"
ex_content_465,content_465,Sample solution steps for Communication - speaking Level 1,"Accuracy: 5, Steps: 3, Clarity: 2","{""keywords"": [""correct"", ""solution""], ""max_score"": 10}"
ex_content_466,content_466,Sample solution steps for Physics - thermodynamics Level 2,"Accuracy: 5, Steps: 3, Clarity: 2","{""keywords"": [""correct"", ""solution""], ""max_score"": 10}"
ex_content_467,content_467,Sample solution steps for Mathematics - algebra Level 2,"Accuracy: 5, Steps: 3, Clarity: 2","{""keywords"": [""correct"", ""solution""], ""max_score"": 10}"
ex_content_468,content_468,Sample solution steps for Chemistry - physical Level 1,"Accuracy: 5, Steps: 3, Clarity: 2","{""keywords"": [""correct"", ""solution""], ""max_score"": 10}"
ex_content_469,content_469,Sample solution steps for Communication - listening Level 3,"Accuracy: 5, Steps: 3, Clarity: 2","{""keywords"": [""correct"", ""solution""], ""max_score"": 10}"
ex_content_470,content_470,Sample solution steps for Programming - web_dev Level 3,"Accuracy: 5, Steps: 3, Clarity: 2","{""keywords"": [""correct"", ""solution""], ""max_score"": 10}"
ex_content_471,content_471,Sample solution steps for Mathematics - probability Level 3,"Accuracy: 5, Steps: 3, Clarity: 2","{""keywords"": [""correct"", ""solution""], ""max_score"": 10}"
ex_content_472,content_472,Sample solution steps for Chemistry - organic Level 2,"Accuracy: 5, Steps: 3, Clarity: 2","{""keywords"": [""correct"", ""solution""], ""max_score"": 10}"
ex_content_473,content_473,Sample solution steps for Aptitude - verbal Level 3,"Accuracy: 5, Steps: 3, Clarity: 2","{""keywords"": [""correct"", ""solution""], ""max_score"": 10}"
ex_content_474,content_474,Sample solution steps for Physics - thermodynamics Level 3,"Accuracy: 5, Steps: 3, Clarity: 2","{""keywords"": [""correct"", ""solution""], ""max_score"": 10}"
ex_content_475,content_475,Sample solution steps for Mathematics - algebra Level 1,"Accuracy: 5, Steps: 3, Clarity: 2","{""keywords"": [""correct"", ""solution""], ""max_score"": 10}"
ex_content_476,content_476,Sample solution steps for Programming - algorithms Level 2,"Accuracy: 5, Steps: 3, Clarity: 2","{""keywords"": [""correct"", ""solution""], ""max_score"": 10}"
ex_content_477,content_477,Sample solution steps for Physics - mechanics Level 3,"Accuracy: 5, Steps: 3, Clarity: 2","{""keywords"": [""correct"", ""solution""], ""max_score"": 10}"
ex_content_478,content_478,Sample solution steps for Communication - listening Level 2,"Accuracy: 5, Steps: 3, Clarity: 2","{""keywords"": [""correct"", ""solution""], ""max_score"": 10}"
ex_content_479,content_479,Sample solution steps for Chemistry - organic Level 2,"Accuracy: 5, Steps: 3, Clarity: 2","{""keywords"": [""correct"", ""solution""], ""max_score"": 10}"
ex_content_480,content_480,Sample solution steps for Chemistry - inorganic Level 1,"Accuracy: 5, Steps: 3, Clarity: 2","{""keywords"": [""correct"", ""solution""], ""max_score"": 10}"
ex_content_481,content_481,Sample solution steps for Chemistry - organic Level 3,"Accuracy: 5, Steps: 3, Clarity: 2","{""keywords"": [""correct"", ""solution""], ""max_score"": 10}"
ex_content_482,content_482,Sample solution steps for Mathematics - geometry Level 1,"Accuracy: 5, Steps: 3, Clarity: 2","{""keywords"": [""correct"", ""solution""], ""max_score"": 10}"
ex_content_483,content_483,Sample solution steps for Mathematics - probability Level 1,"Accuracy: 5, Steps: 3, Clarity: 2","{""keywords"": [""correct"", ""solution""], ""max_score"": 10}"
ex_content_484,content_484,Sample solution steps for Chemistry - inorganic Level 2,"Accuracy: 5, Steps: 3, Clarity: 2","{""keywords"": [""correct"", ""solution""], ""max_score"": 10}"
ex_content_485,content_485,Sample solution steps for Aptitude - numerical Level 1,"Accuracy: 5, Steps: 3, Clarity: 2","{""keywords"": [""correct"", ""solution""], ""max_score"": 10}"
ex_content_486,content_486,Sample solution steps for Physics - electricity Level 3,"Accuracy: 5, Steps: 3, Clarity: 2","{""keywords"": [""correct"", ""solution""], ""max_score"": 10}"
ex_content_487,content_487,Sample solution steps for Communication - listening Level 1,"Accuracy: 5, Steps: 3, Clarity: 2","{""keywords"": [""correct"", ""solution""], ""max_score"": 10}"
ex_content_488,content_488,Sample solution steps for Chemistry - physical Level 2,"Accuracy: 5, Steps: 3, Clarity: 2","{""keywords"": [""correct"", ""solution""], ""max_score"": 10}"
ex_content_489,content_489,Sample solution steps for Communication - listening Level 1,"Accuracy: 5, Steps: 3, Clarity: 2","{""keywords"": [""correct"", ""solution""], ""max_score"": 10}"
ex_content_490,content_490,Sample solution steps for Mathematics - probability Level 1,"Accuracy: 5, Steps: 3, Clarity: 2","{""keywords"": [""correct"", ""solution""], ""max_score"": 10}"
ex_content_491,content_491,Sample solution steps for Aptitude - numerical Level 3,"Accuracy: 5, Steps: 3, Clarity: 2","{""keywords"": [""correct"", ""solution""], ""max_score"": 10}"
ex_content_492,content_492,Sample solution steps for Mathematics - calculus Level 1,"Accuracy: 5, Steps: 3, Clarity: 2","{""keywords"": [""correct"", ""solution""], ""max_score"": 10}"
ex_content_493,content_493,Sample solution steps for Programming - algorithms Level 1,"Accuracy: 5, Steps: 3, Clarity: 2","{""keywords"": [""correct"", ""solution""], ""max_score"": 10}"
ex_content_494,content_494,Sample solution steps for Aptitude - logical_reasoning Level 2,"Accuracy: 5, Steps: 3, Clarity: 2","{""keywords"": [""correct"", ""solution""], ""max_score"": 10}"
ex_content_495,content_495,Sample solution steps for Mathematics - geometry Level 3,"Accuracy: 5, Steps: 3, Clarity: 2","{""keywords"": [""correct"", ""solution""], ""max_score"": 10}"
ex_content_496,content_496,Sample solution steps for Mathematics - algebra Level 1,"Accuracy: 5, Steps: 3, Clarity: 2","{""keywords"": [""correct"", ""solution""], ""max_score"": 10}"
ex_content_497,content_497,Sample solution steps for Programming - algorithms Level 2,"Accuracy: 5, Steps: 3, Clarity: 2","{""keywords"": [""correct"", ""solution""], ""max_score"": 10}"
ex_content_498,content_498,Sample solution steps for Mathematics - algebra Level 3,"Accuracy: 5, Steps: 3, Clarity: 2","{""keywords"": [""correct"", ""solution""], ""max_score"": 10}"
ex_content_499,content_499,Sample solution steps for Communication - speaking Level 1,"Accuracy: 5, Steps: 3, Clarity: 2","{""keywords"": [""correct"", ""solution""], ""max_score"": 10}"
ex_content_500,content_500,Sample solution steps for Aptitude - logical_reasoning Level 2,"Accuracy: 5, Steps: 3, Clarity: 2","{""keywords"": [""correct"", ""solution""], ""max_score"": 10}"
